OrderNo,OrderDate,CustomerID
5,06/01/07,0
7,19/01/07,0
9,29/01/07,0
10,08/02/07,0
11,10/03/07,0
13,24/03/07,0
14,04/04/07,0
15,14/05/07,0
16,13/06/07,0
17,17/06/07,0
18,13/08/07,0
19,26/08/07,0
20,29/09/07,0
21,19/10/07,0
23,07/11/07,0
24,08/12/07,0
26,26/12/07,0
677,01/01/07,0
678,01/01/07,0
680,01/01/07,0
681,01/01/07,0
682,01/01/07,0
683,01/01/07,0
687,01/01/07,0
688,01/01/07,0
689,01/01/07,0
691,02/01/07,0
694,02/01/07,0
695,02/01/07,0
697,02/01/07,0
699,03/01/07,0
700,03/01/07,0
702,03/01/07,0
704,03/01/07,0
705,04/01/07,0
709,04/01/07,0
710,04/01/07,0
711,04/01/07,0
715,04/01/07,0
716,05/01/07,0
718,05/01/07,0
719,05/01/07,0
721,05/01/07,0
722,05/01/07,0
724,05/01/07,0
725,06/01/07,0
726,06/01/07,0
731,06/01/07,0
732,06/01/07,0
733,06/01/07,0
734,07/01/07,0
735,07/01/07,0
736,07/01/07,0
737,07/01/07,0
740,07/01/07,0
741,07/01/07,0
742,07/01/07,0
743,07/01/07,0
746,07/01/07,0
748,07/01/07,0
752,07/01/07,0
754,07/01/07,0
757,08/01/07,0
758,08/01/07,0
759,08/01/07,0
761,08/01/07,0
767,09/01/07,0
769,09/01/07,0
770,09/01/07,0
771,09/01/07,0
773,09/01/07,0
774,09/01/07,0
776,10/01/07,0
778,11/01/07,0
779,11/01/07,0
781,11/01/07,0
783,11/01/07,0
784,12/01/07,0
787,12/01/07,0
788,13/01/07,0
789,13/01/07,0
790,13/01/07,0
792,13/01/07,0
795,13/01/07,0
796,13/01/07,0
797,13/01/07,0
802,14/01/07,0
803,14/01/07,0
804,14/01/07,0
807,14/01/07,0
811,14/01/07,0
814,15/01/07,0
816,15/01/07,0
818,15/01/07,0
819,16/01/07,0
822,16/01/07,0
823,16/01/07,0
824,16/01/07,0
825,16/01/07,0
827,16/01/07,0
829,17/01/07,0
830,17/01/07,0
832,17/01/07,0
833,18/01/07,0
834,18/01/07,0
835,18/01/07,0
836,18/01/07,0
837,18/01/07,0
839,18/01/07,0
840,18/01/07,0
841,18/01/07,0
842,19/01/07,0
843,19/01/07,0
844,19/01/07,0
848,19/01/07,0
849,19/01/07,0
850,19/01/07,0
851,19/01/07,0
852,19/01/07,0
853,19/01/07,0
855,19/01/07,0
856,20/01/07,0
857,20/01/07,0
858,20/01/07,0
859,20/01/07,0
862,20/01/07,0
864,21/01/07,0
865,21/01/07,0
866,21/01/07,0
867,21/01/07,0
868,21/01/07,0
869,21/01/07,0
870,21/01/07,0
873,21/01/07,0
874,21/01/07,0
875,21/01/07,0
879,21/01/07,0
880,21/01/07,0
884,22/01/07,0
888,23/01/07,0
890,23/01/07,0
892,24/01/07,0
894,24/01/07,0
895,24/01/07,0
896,24/01/07,0
899,25/01/07,0
900,25/01/07,0
901,25/01/07,0
902,25/01/07,0
907,25/01/07,0
909,26/01/07,0
911,26/01/07,0
912,26/01/07,0
914,26/01/07,0
916,27/01/07,0
919,27/01/07,0
921,27/01/07,0
922,27/01/07,0
923,27/01/07,0
924,27/01/07,0
925,27/01/07,0
926,28/01/07,0
927,28/01/07,0
928,28/01/07,0
929,28/01/07,0
930,28/01/07,0
932,28/01/07,0
933,28/01/07,0
935,28/01/07,0
936,28/01/07,0
937,28/01/07,0
940,28/01/07,0
942,28/01/07,0
944,29/01/07,0
945,29/01/07,0
946,29/01/07,0
947,29/01/07,0
949,30/01/07,0
951,30/01/07,0
952,30/01/07,0
953,30/01/07,0
954,30/01/07,0
955,30/01/07,0
958,30/01/07,0
961,31/01/07,0
962,31/01/07,0
964,01/02/07,0
966,01/02/07,0
967,01/02/07,0
968,01/02/07,0
969,01/02/07,0
970,01/02/07,0
971,01/02/07,0
973,01/02/07,0
974,02/02/07,0
976,02/02/07,0
978,02/02/07,0
979,02/02/07,0
982,02/02/07,0
983,02/02/07,0
984,02/02/07,0
985,03/02/07,0
986,03/02/07,0
987,03/02/07,0
989,03/02/07,0
991,03/02/07,0
992,03/02/07,0
995,04/02/07,0
998,04/02/07,0
999,04/02/07,0
1000,04/02/07,0
1001,04/02/07,0
1002,04/02/07,0
1003,04/02/07,0
1004,04/02/07,0
1009,05/02/07,0
1011,05/02/07,0
1014,05/02/07,0
1016,06/02/07,0
1017,06/02/07,0
1019,06/02/07,0
1020,06/02/07,0
1021,06/02/07,0
1024,07/02/07,0
1025,07/02/07,0
1026,07/02/07,0
1027,07/02/07,0
1028,07/02/07,0
1029,07/02/07,0
1030,07/02/07,0
1031,07/02/07,0
1032,07/02/07,0
1033,07/02/07,0
1034,07/02/07,0
1035,07/02/07,0
1036,07/02/07,0
1037,07/02/07,0
1040,08/02/07,0
1044,08/02/07,0
1046,08/02/07,0
1047,08/02/07,0
1048,08/02/07,0
1049,08/02/07,0
1050,08/02/07,0
1052,08/02/07,0
1053,08/02/07,0
1054,08/02/07,0
1056,08/02/07,0
1057,08/02/07,0
1058,08/02/07,0
1060,09/02/07,0
1063,09/02/07,0
1065,09/02/07,0
1066,09/02/07,0
1071,11/02/07,0
1073,11/02/07,0
1074,11/02/07,0
1075,11/02/07,0
1076,11/02/07,0
1077,11/02/07,0
1080,11/02/07,0
1081,11/02/07,0
1082,11/02/07,0
1084,11/02/07,0
1087,12/02/07,0
1088,12/02/07,0
1089,12/02/07,0
1090,12/02/07,0
1091,12/02/07,0
1093,13/02/07,0
1094,13/02/07,0
1096,13/02/07,0
1097,13/02/07,0
1098,13/02/07,0
1099,14/02/07,0
1100,14/02/07,0
1101,14/02/07,0
1107,14/02/07,0
1108,14/02/07,0
1111,15/02/07,0
1112,16/02/07,0
1113,16/02/07,0
1114,16/02/07,0
1115,16/02/07,0
1117,16/02/07,0
1118,16/02/07,0
1119,16/02/07,0
1120,16/02/07,0
1121,16/02/07,0
1122,16/02/07,0
1124,16/02/07,0
1125,16/02/07,0
1126,17/02/07,0
1127,17/02/07,0
1128,17/02/07,0
1129,17/02/07,0
1130,17/02/07,0
1131,17/02/07,0
1132,17/02/07,0
1134,17/02/07,0
1135,18/02/07,0
1136,18/02/07,0
1139,18/02/07,0
1140,18/02/07,0
1141,18/02/07,0
1142,18/02/07,0
1143,18/02/07,0
1144,18/02/07,0
1146,18/02/07,0
1147,18/02/07,0
1148,18/02/07,0
1151,19/02/07,0
1152,19/02/07,0
1153,19/02/07,0
1154,19/02/07,0
1155,19/02/07,0
1156,19/02/07,0
1158,19/02/07,0
1161,20/02/07,0
1165,20/02/07,0
1166,21/02/07,0
1168,21/02/07,0
1169,21/02/07,0
1172,22/02/07,0
1173,22/02/07,0
1174,22/02/07,0
1176,22/02/07,0
1177,22/02/07,0
1179,23/02/07,0
1180,23/02/07,0
1183,23/02/07,0
1185,23/02/07,0
1186,23/02/07,0
1187,23/02/07,0
1188,23/02/07,0
1192,24/02/07,0
1194,24/02/07,0
1195,24/02/07,0
1197,24/02/07,0
1199,24/02/07,0
1202,24/02/07,0
1204,24/02/07,0
1206,25/02/07,0
1208,25/02/07,0
1209,25/02/07,0
1210,25/02/07,0
1211,25/02/07,0
1215,25/02/07,0
1217,25/02/07,0
1218,25/02/07,0
1220,25/02/07,0
1222,26/02/07,0
1223,26/02/07,0
1224,26/02/07,0
1225,26/02/07,0
1226,26/02/07,0
1227,26/02/07,0
1232,27/02/07,0
1233,27/02/07,0
1234,27/02/07,0
1235,27/02/07,0
1236,28/02/07,0
1238,28/02/07,0
1239,28/02/07,0
1244,01/03/07,0
1245,01/03/07,0
1246,01/03/07,0
1247,01/03/07,0
1248,01/03/07,0
1250,02/03/07,0
1252,02/03/07,0
1253,03/03/07,0
1256,03/03/07,0
1259,03/03/07,0
1260,05/03/07,0
1262,05/03/07,0
1263,05/03/07,0
1266,05/03/07,0
1267,06/03/07,0
1268,06/03/07,0
1270,06/03/07,0
1271,06/03/07,0
1274,07/03/07,0
1275,07/03/07,0
1276,07/03/07,0
1278,07/03/07,0
1279,07/03/07,0
1280,08/03/07,0
1281,08/03/07,0
1283,08/03/07,0
1284,08/03/07,0
1286,09/03/07,0
1289,09/03/07,0
1290,09/03/07,0
1292,09/03/07,0
1293,09/03/07,0
1294,09/03/07,0
1296,10/03/07,0
1297,10/03/07,0
1299,10/03/07,0
1301,10/03/07,0
1302,10/03/07,0
1303,10/03/07,0
1304,10/03/07,0
1306,10/03/07,0
1307,10/03/07,0
1308,10/03/07,0
1309,10/03/07,0
1311,11/03/07,0
1312,11/03/07,0
1314,11/03/07,0
1319,12/03/07,0
1320,12/03/07,0
1321,12/03/07,0
1322,12/03/07,0
1324,13/03/07,0
1326,13/03/07,0
1330,13/03/07,0
1332,14/03/07,0
1333,14/03/07,0
1334,14/03/07,0
1335,14/03/07,0
1337,15/03/07,0
1338,15/03/07,0
1339,15/03/07,0
1340,15/03/07,0
1341,15/03/07,0
1343,15/03/07,0
1344,15/03/07,0
1345,15/03/07,0
1346,15/03/07,0
1347,15/03/07,0
1348,15/03/07,0
1350,15/03/07,0
1353,16/03/07,0
1354,16/03/07,0
1355,16/03/07,0
1356,16/03/07,0
1357,16/03/07,0
1359,16/03/07,0
1361,17/03/07,0
1365,17/03/07,0
1366,17/03/07,0
1367,17/03/07,0
1369,17/03/07,0
1371,18/03/07,0
1375,18/03/07,0
1378,18/03/07,0
1381,19/03/07,0
1385,19/03/07,0
1386,19/03/07,0
1387,19/03/07,0
1389,19/03/07,0
1390,19/03/07,0
1391,19/03/07,0
1392,19/03/07,0
1393,19/03/07,0
1394,20/03/07,0
1395,20/03/07,0
1396,20/03/07,0
1397,21/03/07,0
1398,21/03/07,0
1400,21/03/07,0
1401,21/03/07,0
1402,21/03/07,0
1404,21/03/07,0
1405,21/03/07,0
1406,21/03/07,0
1409,22/03/07,0
1411,22/03/07,0
1414,22/03/07,0
1415,22/03/07,0
1416,23/03/07,0
1417,23/03/07,0
1418,23/03/07,0
1419,23/03/07,0
1421,23/03/07,0
1422,23/03/07,0
1423,23/03/07,0
1424,24/03/07,0
1426,24/03/07,0
1427,24/03/07,0
1429,24/03/07,0
1430,24/03/07,0
1431,24/03/07,0
1435,24/03/07,0
1436,24/03/07,0
1437,24/03/07,0
1438,24/03/07,0
1439,24/03/07,0
1440,25/03/07,0
1442,25/03/07,0
1443,25/03/07,0
1445,25/03/07,0
1447,25/03/07,0
1448,25/03/07,0
1451,25/03/07,0
1452,25/03/07,0
1454,26/03/07,0
1455,26/03/07,0
1457,26/03/07,0
1458,27/03/07,0
1459,27/03/07,0
1461,27/03/07,0
1462,27/03/07,0
1464,27/03/07,0
1467,27/03/07,0
1469,27/03/07,0
1470,27/03/07,0
1471,27/03/07,0
1472,27/03/07,0
1473,28/03/07,0
1474,28/03/07,0
1476,29/03/07,0
1478,29/03/07,0
1480,29/03/07,0
1481,30/03/07,0
1483,30/03/07,0
1485,30/03/07,0
1486,30/03/07,0
1487,30/03/07,0
1488,31/03/07,0
1491,31/03/07,0
1492,31/03/07,0
1493,31/03/07,0
1494,31/03/07,0
1495,31/03/07,0
1496,01/04/07,0
1497,01/04/07,0
1498,01/04/07,0
1500,01/04/07,0
1501,01/04/07,0
1503,01/04/07,0
1504,01/04/07,0
1505,01/04/07,0
1507,02/04/07,0
1508,02/04/07,0
1509,02/04/07,0
1511,03/04/07,0
1513,03/04/07,0
1515,01/04/07,0
1517,04/04/07,0
1518,04/04/07,0
1519,04/04/07,0
1524,05/04/07,0
1527,05/04/07,0
1529,05/04/07,0
1530,05/04/07,0
1532,05/04/07,0
1533,05/04/07,0
1537,06/04/07,0
1539,06/04/07,0
1540,06/04/07,0
1541,06/04/07,0
1542,06/04/07,0
1543,06/04/07,0
1544,06/04/07,0
1545,06/04/07,0
1546,07/04/07,0
1547,07/04/07,0
1548,07/04/07,0
1549,07/04/07,0
1550,07/04/07,0
1551,07/04/07,0
1552,07/04/07,0
1553,07/04/07,0
1554,07/04/07,0
1555,08/04/07,0
1557,08/04/07,0
1558,08/04/07,0
1559,08/04/07,0
1560,08/04/07,0
1562,08/04/07,0
1563,08/04/07,0
1564,08/04/07,0
1565,08/04/07,0
1567,08/04/07,0
1568,08/04/07,0
1569,08/04/07,0
1570,08/04/07,0
1572,08/04/07,0
1573,08/04/07,0
1576,08/04/07,0
1578,08/04/07,0
1579,09/04/07,0
1580,09/04/07,0
1581,09/04/07,0
1582,09/04/07,0
1583,09/04/07,0
1584,09/04/07,0
1585,09/04/07,0
1586,09/04/07,0
1587,10/04/07,0
1588,10/04/07,0
1589,11/04/07,0
1591,11/04/07,0
1592,11/04/07,0
1593,11/04/07,0
1594,11/04/07,0
1595,12/04/07,0
1596,12/04/07,0
1597,12/04/07,0
1598,12/04/07,0
1600,12/04/07,0
1601,12/04/07,0
1602,12/04/07,0
1603,13/04/07,0
1605,13/04/07,0
1606,13/04/07,0
1607,13/04/07,0
1608,13/04/07,0
1609,13/04/07,0
1610,13/04/07,0
1611,13/04/07,0
1612,14/04/07,0
1613,14/04/07,0
1614,14/04/07,0
1615,14/04/07,0
1617,14/04/07,0
1618,14/04/07,0
1619,15/04/07,0
1620,15/04/07,0
1621,15/04/07,0
1622,15/04/07,0
1623,15/04/07,0
1624,15/04/07,0
1625,15/04/07,0
1626,15/04/07,0
1628,15/04/07,0
1629,15/04/07,0
1630,15/04/07,0
1631,15/04/07,0
1632,15/04/07,0
1633,15/04/07,0
1634,16/04/07,0
1635,16/04/07,0
1636,16/04/07,0
1637,16/04/07,0
1638,17/04/07,0
1639,17/04/07,0
1640,17/04/07,0
1641,17/04/07,0
1645,18/04/07,0
1646,18/04/07,0
1647,18/04/07,0
1648,18/04/07,0
1649,18/04/07,0
1650,18/04/07,0
1651,18/04/07,0
1652,18/04/07,0
1653,18/04/07,0
1654,18/04/07,0
1655,19/04/07,0
1658,19/04/07,0
1662,19/04/07,0
1663,20/04/07,0
1664,20/04/07,0
1665,20/04/07,0
1666,20/04/07,0
1667,20/04/07,0
1668,20/04/07,0
1669,20/04/07,0
1670,20/04/07,0
1671,21/04/07,0
1672,21/04/07,0
1673,21/04/07,0
1674,21/04/07,0
1675,21/04/07,0
1676,22/04/07,0
1677,22/04/07,0
1678,22/04/07,0
1679,22/04/07,0
1680,22/04/07,0
1681,22/04/07,0
1682,22/04/07,0
1683,22/04/07,0
1684,22/04/07,0
1685,22/04/07,0
1686,22/04/07,0
1687,22/04/07,0
1688,22/04/07,0
1689,22/04/07,0
1690,22/04/07,0
1691,22/04/07,0
1692,23/04/07,0
1693,23/04/07,0
1694,23/04/07,0
1695,23/04/07,0
1696,23/04/07,0
1698,24/04/07,0
1699,24/04/07,0
1701,24/04/07,0
1702,24/04/07,0
1703,24/04/07,0
1706,25/04/07,0
1707,25/04/07,0
1708,25/04/07,0
1710,25/04/07,0
1712,26/04/07,0
1713,26/04/07,0
1714,26/04/07,0
1715,26/04/07,0
1716,26/04/07,0
1717,26/04/07,0
1718,26/04/07,0
1719,27/04/07,0
1721,27/04/07,0
1722,27/04/07,0
1723,27/04/07,0
1724,27/04/07,0
1725,27/04/07,0
1726,27/04/07,0
1727,27/04/07,0
1728,27/04/07,0
1729,27/04/07,0
1730,28/04/07,0
1731,28/04/07,0
1732,28/04/07,0
1733,28/04/07,0
1735,28/04/07,0
1736,28/04/07,0
1737,28/04/07,0
1739,29/04/07,0
1743,29/04/07,0
1744,29/04/07,0
1745,29/04/07,0
1746,29/04/07,0
1747,29/04/07,0
1748,29/04/07,0
1749,29/04/07,0
1750,29/04/07,0
1751,29/04/07,0
1752,30/04/07,0
1753,30/04/07,0
1754,30/04/07,0
1755,30/04/07,0
1757,01/05/07,0
1758,01/05/07,0
1762,01/05/07,0
1763,01/05/07,0
1766,02/05/07,0
1767,02/05/07,0
1768,02/05/07,0
1769,02/05/07,0
1770,02/05/07,0
1771,02/05/07,0
1772,02/05/07,0
1773,02/05/07,0
1774,03/05/07,0
1775,03/05/07,0
1776,03/05/07,0
1777,03/05/07,0
1778,03/05/07,0
1779,03/05/07,0
1780,03/05/07,0
1781,04/05/07,0
1782,04/05/07,0
1783,04/05/07,0
1784,04/05/07,0
1786,04/05/07,0
1787,04/05/07,0
1788,04/05/07,0
1789,05/05/07,0
1790,05/05/07,0
1791,05/05/07,0
1792,05/05/07,0
1793,05/05/07,0
1794,05/05/07,0
1796,05/05/07,0
1797,05/05/07,0
1798,05/05/07,0
1799,05/05/07,0
1800,05/05/07,0
1801,06/05/07,0
1802,06/05/07,0
1803,06/05/07,0
1805,06/05/07,0
1807,06/05/07,0
1808,06/05/07,0
1809,06/05/07,0
1810,06/05/07,0
1811,06/05/07,0
1812,06/05/07,0
1813,06/05/07,0
1814,06/05/07,0
1815,06/05/07,0
1816,06/05/07,0
1817,07/05/07,0
1818,07/05/07,0
1819,07/05/07,0
1820,07/05/07,0
1821,07/05/07,0
1822,07/05/07,0
1823,07/05/07,0
1825,08/05/07,0
1826,08/05/07,0
1827,08/05/07,0
1828,08/05/07,0
1829,08/05/07,0
1830,08/05/07,0
1831,08/05/07,0
1832,08/05/07,0
1834,09/05/07,0
1835,09/05/07,0
1836,09/05/07,0
1837,09/05/07,0
1838,09/05/07,0
1839,10/05/07,0
1840,10/05/07,0
1841,10/05/07,0
1842,11/05/07,0
1843,11/05/07,0
1844,11/05/07,0
1845,11/05/07,0
1846,11/05/07,0
1847,11/05/07,0
1848,11/05/07,0
1849,11/05/07,0
1850,11/05/07,0
1851,11/05/07,0
1852,11/05/07,0
1853,12/05/07,0
1854,12/05/07,0
1855,12/05/07,0
1857,12/05/07,0
1859,12/05/07,0
1860,12/05/07,0
1861,12/05/07,0
1862,12/05/07,0
1863,12/05/07,0
1864,12/05/07,0
1865,12/05/07,0
1866,12/05/07,0
1867,13/05/07,0
1868,13/05/07,0
1869,13/05/07,0
1870,13/05/07,0
1871,13/05/07,0
1872,13/05/07,0
1873,13/05/07,0
1874,13/05/07,0
1875,13/05/07,0
1876,13/05/07,0
1877,13/05/07,0
1878,13/05/07,0
1879,13/05/07,0
1880,13/05/07,0
1881,13/05/07,0
1882,13/05/07,0
1883,14/05/07,0
1884,14/05/07,0
1885,14/05/07,0
1886,14/05/07,0
1887,14/05/07,0
1888,14/05/07,0
1889,14/05/07,0
1890,14/05/07,0
1891,15/05/07,0
1892,15/05/07,0
1893,15/05/07,0
1894,15/05/07,0
1895,15/05/07,0
1896,16/05/07,0
1897,16/05/07,0
1898,16/05/07,0
1899,16/05/07,0
1900,16/05/07,0
1901,17/05/07,0
1902,17/05/07,0
1903,17/05/07,0
1904,17/05/07,0
1905,18/05/07,0
1906,18/05/07,0
1907,18/05/07,0
1909,18/05/07,0
1910,18/05/07,0
1911,18/05/07,0
1912,18/05/07,0
1913,18/05/07,0
1915,18/05/07,0
1916,18/05/07,0
1917,18/05/07,0
1918,18/05/07,0
1919,19/05/07,0
1920,19/05/07,0
1921,19/05/07,0
1922,19/05/07,0
1923,19/05/07,0
1924,19/05/07,0
1925,19/05/07,0
1926,19/05/07,0
1927,19/05/07,0
1928,19/05/07,0
1929,19/05/07,0
1930,19/05/07,0
1931,19/05/07,0
1932,19/05/07,0
1933,20/05/07,0
1934,20/05/07,0
1935,20/05/07,0
1936,20/05/07,0
1937,20/05/07,0
1938,20/05/07,0
1939,20/05/07,0
1940,20/05/07,0
1941,20/05/07,0
1942,20/05/07,0
1943,20/05/07,0
1944,20/05/07,0
1945,20/05/07,0
1946,20/05/07,0
1947,20/05/07,0
1948,20/05/07,0
1949,20/05/07,0
1950,20/05/07,0
1951,20/05/07,0
1952,20/05/07,0
1953,21/05/07,0
1954,21/05/07,0
1955,21/05/07,0
1956,21/05/07,0
1957,21/05/07,0
1958,21/05/07,0
1959,22/05/07,0
1960,22/05/07,0
1961,22/05/07,0
1962,22/05/07,0
1963,23/05/07,0
1964,23/05/07,0
1965,23/05/07,0
1966,23/05/07,0
1967,23/05/07,0
1968,23/05/07,0
1969,23/05/07,0
1970,23/05/07,0
1971,24/05/07,0
1972,24/05/07,0
1973,24/05/07,0
1974,24/05/07,0
1975,24/05/07,0
1976,24/05/07,0
1977,24/05/07,0
1978,24/05/07,0
1979,24/05/07,0
1980,24/05/07,0
1981,25/05/07,0
1982,25/05/07,0
1983,25/05/07,0
1987,26/05/07,0
1988,26/05/07,0
1989,26/05/07,0
1990,26/05/07,0
1991,26/05/07,0
1992,26/05/07,0
1993,26/05/07,0
1994,26/05/07,0
1995,26/05/07,0
1996,26/05/07,0
1997,26/05/07,0
1998,27/05/07,0
2000,27/05/07,0
2001,27/05/07,0
2002,27/05/07,0
2005,27/05/07,0
2006,27/05/07,0
2007,27/05/07,0
2008,27/05/07,0
2009,27/05/07,0
2010,27/05/07,0
2011,28/05/07,0
2012,28/05/07,0
2014,28/05/07,0
2015,28/05/07,0
2016,28/05/07,0
2017,28/05/07,0
2018,29/05/07,0
2019,29/05/07,0
2020,29/05/07,0
2021,29/05/07,0
2022,29/05/07,0
2024,29/05/07,0
2025,29/05/07,0
2026,29/05/07,0
2027,29/05/07,0
2028,29/05/07,0
2029,29/05/07,0
2030,29/05/07,0
2031,29/05/07,0
2032,29/05/07,0
2033,29/05/07,0
2034,29/05/07,0
2035,30/05/07,0
2036,30/05/07,0
2037,30/05/07,0
2038,30/05/07,0
2040,30/05/07,0
2041,31/05/07,0
2044,31/05/07,0
2045,31/05/07,0
2047,31/05/07,0
2048,31/05/07,0
2049,31/05/07,0
2050,31/05/07,0
2051,01/06/07,0
2052,01/06/07,0
2053,01/06/07,0
2054,01/06/07,0
2055,02/06/07,0
2056,02/06/07,0
2057,02/06/07,0
2058,02/06/07,0
2059,02/06/07,0
2060,02/06/07,0
2061,02/06/07,0
2062,02/06/07,0
2063,02/06/07,0
2064,02/06/07,0
2065,02/06/07,0
2066,02/06/07,0
2067,02/06/07,0
2068,02/06/07,0
2069,03/06/07,0
2070,03/06/07,0
2071,03/06/07,0
2073,03/06/07,0
2074,03/06/07,0
2076,03/06/07,0
2077,03/06/07,0
2078,03/06/07,0
2079,03/06/07,0
2080,03/06/07,0
2081,03/06/07,0
2083,03/06/07,0
2084,04/06/07,0
2085,04/06/07,0
2086,04/06/07,0
2087,04/06/07,0
2088,04/06/07,0
2089,04/06/07,0
2090,04/06/07,0
2091,04/06/07,0
2092,04/06/07,0
2093,04/06/07,0
2094,04/06/07,0
2095,05/06/07,0
2096,05/06/07,0
2097,05/06/07,0
2098,05/06/07,0
2099,05/06/07,0
2100,05/06/07,0
2101,05/06/07,0
2102,05/06/07,0
2103,05/06/07,0
2104,06/06/07,0
2105,06/06/07,0
2106,06/06/07,0
2107,06/06/07,0
2108,06/06/07,0
2109,06/06/07,0
2110,06/06/07,0
2111,06/06/07,0
2112,06/06/07,0
2113,06/06/07,0
2115,06/06/07,0
2116,06/06/07,0
2117,06/06/07,0
2119,06/06/07,0
2120,06/06/07,0
2121,06/06/07,0
2122,07/06/07,0
2124,07/06/07,0
2125,07/06/07,0
2126,07/06/07,0
2127,07/06/07,0
2128,07/06/07,0
2129,07/06/07,0
2130,07/06/07,0
2131,07/06/07,0
2132,07/06/07,0
2133,08/06/07,0
2134,08/06/07,0
2135,08/06/07,0
2136,08/06/07,0
2137,08/06/07,0
2138,08/06/07,0
2139,08/06/07,0
2140,08/06/07,0
2141,08/06/07,0
2142,08/06/07,0
2143,09/06/07,0
2144,09/06/07,0
2145,09/06/07,0
2146,09/06/07,0
2147,09/06/07,0
2149,09/06/07,0
2150,09/06/07,0
2152,09/06/07,0
2153,09/06/07,0
2154,09/06/07,0
2157,09/06/07,0
2158,09/06/07,0
2160,10/06/07,0
2161,10/06/07,0
2162,10/06/07,0
2164,10/06/07,0
2165,10/06/07,0
2166,10/06/07,0
2167,10/06/07,0
2169,10/06/07,0
2170,10/06/07,0
2172,10/06/07,0
2173,10/06/07,0
2174,10/06/07,0
2175,10/06/07,0
2176,10/06/07,0
2179,10/06/07,0
2180,10/06/07,0
2181,10/06/07,0
2182,11/06/07,0
2184,11/06/07,0
2186,11/06/07,0
2187,11/06/07,0
2188,11/06/07,0
2190,11/06/07,0
2194,12/06/07,0
2195,12/06/07,0
2196,12/06/07,0
2197,12/06/07,0
2198,12/06/07,0
2199,12/06/07,0
2200,12/06/07,0
2201,12/06/07,0
2202,12/06/07,0
2203,12/06/07,0
2204,12/06/07,0
2205,12/06/07,0
2206,13/06/07,0
2207,13/06/07,0
2208,13/06/07,0
2209,13/06/07,0
2210,13/06/07,0
2211,13/06/07,0
2212,13/06/07,0
2213,13/06/07,0
2214,13/06/07,0
2215,13/06/07,0
2216,13/06/07,0
2217,13/06/07,0
2218,13/06/07,0
2219,14/06/07,0
2220,14/06/07,0
2221,14/06/07,0
2222,14/06/07,0
2224,14/06/07,0
2226,15/06/07,0
2227,15/06/07,0
2228,15/06/07,0
2229,15/06/07,0
2230,15/06/07,0
2231,15/06/07,0
2232,15/06/07,0
2233,15/06/07,0
2234,15/06/07,0
2235,15/06/07,0
2236,15/06/07,0
2237,16/06/07,0
2238,16/06/07,0
2239,16/06/07,0
2242,16/06/07,0
2243,16/06/07,0
2244,16/06/07,0
2245,16/06/07,0
2246,16/06/07,0
2247,16/06/07,0
2248,16/06/07,0
2249,16/06/07,0
2250,16/06/07,0
2251,16/06/07,0
2252,16/06/07,0
2253,16/06/07,0
2254,16/06/07,0
2255,16/06/07,0
2256,16/06/07,0
2257,16/06/07,0
2258,16/06/07,0
2259,17/06/07,0
2260,17/06/07,0
2262,17/06/07,0
2263,17/06/07,0
2264,17/06/07,0
2265,17/06/07,0
2266,17/06/07,0
2267,17/06/07,0
2268,17/06/07,0
2269,17/06/07,0
2270,17/06/07,0
2271,17/06/07,0
2272,17/06/07,0
2273,17/06/07,0
2274,17/06/07,0
2275,17/06/07,0
2277,17/06/07,0
2278,17/06/07,0
2279,17/06/07,0
2281,17/06/07,0
2283,17/06/07,0
2284,17/06/07,0
2285,17/06/07,0
2286,17/06/07,0
2287,17/06/07,0
2289,17/06/07,0
2290,17/06/07,0
2291,17/06/07,0
2292,17/06/07,0
2293,18/06/07,0
2294,18/06/07,0
2295,18/06/07,0
2296,18/06/07,0
2297,18/06/07,0
2298,18/06/07,0
2299,18/06/07,0
2300,18/06/07,0
2301,18/06/07,0
2302,18/06/07,0
2303,19/06/07,0
2304,19/06/07,0
2305,19/06/07,0
2306,19/06/07,0
2307,19/06/07,0
2310,19/06/07,0
2311,19/06/07,0
2312,19/06/07,0
2313,19/06/07,0
2314,19/06/07,0
2315,19/06/07,0
2316,20/06/07,0
2317,20/06/07,0
2318,20/06/07,0
2319,20/06/07,0
2320,20/06/07,0
2321,20/06/07,0
2322,20/06/07,0
2323,20/06/07,0
2324,20/06/07,0
2325,20/06/07,0
2326,20/06/07,0
2327,20/06/07,0
2328,21/06/07,0
2329,21/06/07,0
2331,21/06/07,0
2332,21/06/07,0
2333,21/06/07,0
2334,21/06/07,0
2335,21/06/07,0
2336,21/06/07,0
2338,21/06/07,0
2339,21/06/07,0
2340,21/06/07,0
2342,22/06/07,0
2343,22/06/07,0
2344,22/06/07,0
2345,22/06/07,0
2346,22/06/07,0
2347,22/06/07,0
2348,22/06/07,0
2349,22/06/07,0
2350,22/06/07,0
2352,22/06/07,0
2353,22/06/07,0
2354,22/06/07,0
2355,22/06/07,0
2357,22/06/07,0
2359,23/06/07,0
2360,23/06/07,0
2363,23/06/07,0
2364,23/06/07,0
2365,23/06/07,0
2366,23/06/07,0
2369,23/06/07,0
2370,23/06/07,0
2371,24/06/07,0
2372,24/06/07,0
2373,24/06/07,0
2374,24/06/07,0
2375,24/06/07,0
2376,24/06/07,0
2377,24/06/07,0
2378,24/06/07,0
2380,24/06/07,0
2381,24/06/07,0
2383,24/06/07,0
2385,25/06/07,0
2386,25/06/07,0
2387,25/06/07,0
2388,25/06/07,0
2391,26/06/07,0
2392,26/06/07,0
2393,26/06/07,0
2394,26/06/07,0
2395,26/06/07,0
2396,26/06/07,0
2397,26/06/07,0
2398,26/06/07,0
2399,26/06/07,0
2400,26/06/07,0
2402,27/06/07,0
2403,27/06/07,0
2404,27/06/07,0
2405,27/06/07,0
2406,27/06/07,0
2407,27/06/07,0
2409,28/06/07,0
2411,28/06/07,0
2412,28/06/07,0
2416,29/06/07,0
2417,29/06/07,0
2418,29/06/07,0
2419,29/06/07,0
2420,30/06/07,0
2422,30/06/07,0
2423,30/06/07,0
2425,30/06/07,0
2426,30/06/07,0
2427,30/06/07,0
2428,30/06/07,0
2429,30/06/07,0
2430,30/06/07,0
2431,01/07/07,0
2432,01/07/07,0
2433,01/07/07,0
2435,01/07/07,0
2436,01/07/07,0
2437,01/07/07,0
2438,01/07/07,0
2439,01/07/07,0
2440,01/07/07,0
2441,01/07/07,0
2443,01/07/07,0
2444,01/07/07,0
2445,01/07/07,0
2446,01/07/07,0
2447,02/07/07,0
2448,02/07/07,0
2449,02/07/07,0
2450,02/07/07,0
2452,02/07/07,0
2453,02/07/07,0
2454,02/07/07,0
2455,02/07/07,0
2456,03/07/07,0
2457,03/07/07,0
2458,03/07/07,0
2459,03/07/07,0
2460,03/07/07,0
2462,03/07/07,0
2464,04/07/07,0
2465,04/07/07,0
2466,04/07/07,0
2467,04/07/07,0
2468,04/07/07,0
2469,04/07/07,0
2470,04/07/07,0
2473,04/07/07,0
2474,05/07/07,0
2475,05/07/07,0
2477,05/07/07,0
2478,05/07/07,0
2479,06/07/07,0
2480,06/07/07,0
2481,06/07/07,0
2482,06/07/07,0
2483,06/07/07,0
2484,06/07/07,0
2485,06/07/07,0
2486,06/07/07,0
2487,06/07/07,0
2488,06/07/07,0
2490,06/07/07,0
2491,07/07/07,0
2492,07/07/07,0
2493,07/07/07,0
2494,07/07/07,0
2495,07/07/07,0
2496,08/07/07,0
2497,08/07/07,0
2498,08/07/07,0
2499,08/07/07,0
2500,08/07/07,0
2501,08/07/07,0
2502,08/07/07,0
2503,08/07/07,0
2505,08/07/07,0
2506,08/07/07,0
2507,08/07/07,0
2508,08/07/07,0
2512,08/07/07,0
2513,08/07/07,0
2515,08/07/07,0
2516,08/07/07,0
2517,08/07/07,0
2518,08/07/07,0
2519,08/07/07,0
2522,09/07/07,0
2523,09/07/07,0
2525,09/07/07,0
2526,09/07/07,0
2527,09/07/07,0
2529,09/07/07,0
2530,09/07/07,0
2531,09/07/07,0
2533,09/07/07,0
2534,09/07/07,0
2535,09/07/07,0
2536,09/07/07,0
2538,10/07/07,0
2539,10/07/07,0
2540,10/07/07,0
2541,10/07/07,0
2542,10/07/07,0
2543,10/07/07,0
2544,10/07/07,0
2545,10/07/07,0
2546,10/07/07,0
2547,10/07/07,0
2548,11/07/07,0
2549,11/07/07,0
2550,11/07/07,0
2551,11/07/07,0
2553,11/07/07,0
2554,11/07/07,0
2555,11/07/07,0
2556,11/07/07,0
2557,11/07/07,0
2559,12/07/07,0
2560,12/07/07,0
2561,12/07/07,0
2562,12/07/07,0
2563,12/07/07,0
2564,12/07/07,0
2565,12/07/07,0
2566,12/07/07,0
2567,12/07/07,0
2568,13/07/07,0
2569,13/07/07,0
2570,13/07/07,0
2572,13/07/07,0
2574,14/07/07,0
2575,14/07/07,0
2576,14/07/07,0
2577,14/07/07,0
2578,14/07/07,0
2579,14/07/07,0
2582,14/07/07,0
2583,14/07/07,0
2584,14/07/07,0
2585,14/07/07,0
2586,14/07/07,0
2587,14/07/07,0
2588,14/07/07,0
2589,15/07/07,0
2590,15/07/07,0
2591,15/07/07,0
2592,15/07/07,0
2593,15/07/07,0
2594,15/07/07,0
2595,15/07/07,0
2596,15/07/07,0
2597,15/07/07,0
2598,15/07/07,0
2599,15/07/07,0
2600,15/07/07,0
2601,15/07/07,0
2602,15/07/07,0
2603,15/07/07,0
2604,15/07/07,0
2605,15/07/07,0
2606,15/07/07,0
2608,15/07/07,0
2609,15/07/07,0
2611,15/07/07,0
2612,16/07/07,0
2613,16/07/07,0
2614,16/07/07,0
2615,16/07/07,0
2616,16/07/07,0
2617,16/07/07,0
2618,16/07/07,0
2620,17/07/07,0
2621,17/07/07,0
2622,17/07/07,0
2623,17/07/07,0
2624,17/07/07,0
2625,18/07/07,0
2626,18/07/07,0
2627,18/07/07,0
2628,18/07/07,0
2629,18/07/07,0
2630,18/07/07,0
2631,18/07/07,0
2632,19/07/07,0
2633,19/07/07,0
2634,19/07/07,0
2635,19/07/07,0
2636,19/07/07,0
2637,19/07/07,0
2638,19/07/07,0
2639,19/07/07,0
2640,19/07/07,0
2641,19/07/07,0
2642,20/07/07,0
2644,20/07/07,0
2645,20/07/07,0
2646,20/07/07,0
2647,20/07/07,0
2648,20/07/07,0
2649,20/07/07,0
2650,20/07/07,0
2651,21/07/07,0
2653,21/07/07,0
2654,21/07/07,0
2655,21/07/07,0
2656,21/07/07,0
2657,21/07/07,0
2658,21/07/07,0
2659,21/07/07,0
2660,21/07/07,0
2661,21/07/07,0
2662,21/07/07,0
2663,21/07/07,0
2664,21/07/07,0
2665,21/07/07,0
2666,21/07/07,0
2667,22/07/07,0
2668,22/07/07,0
2669,22/07/07,0
2670,22/07/07,0
2671,22/07/07,0
2672,22/07/07,0
2673,22/07/07,0
2674,22/07/07,0
2675,22/07/07,0
2676,22/07/07,0
2677,22/07/07,0
2678,22/07/07,0
2679,22/07/07,0
2680,22/07/07,0
2681,22/07/07,0
2682,22/07/07,0
2683,22/07/07,0
2684,22/07/07,0
2685,23/07/07,0
2686,23/07/07,0
2687,23/07/07,0
2688,23/07/07,0
2689,23/07/07,0
2690,23/07/07,0
2691,23/07/07,0
2692,24/07/07,0
2693,24/07/07,0
2694,24/07/07,0
2695,24/07/07,0
2696,24/07/07,0
2697,24/07/07,0
2698,24/07/07,0
2699,24/07/07,0
2700,24/07/07,0
2701,24/07/07,0
2702,24/07/07,0
2706,25/07/07,0
2708,25/07/07,0
2709,25/07/07,0
2710,25/07/07,0
2713,25/07/07,0
2714,25/07/07,0
2716,26/07/07,0
2717,26/07/07,0
2718,26/07/07,0
2720,26/07/07,0
2721,26/07/07,0
2722,26/07/07,0
2724,26/07/07,0
2725,26/07/07,0
2726,26/07/07,0
2727,27/07/07,0
2728,27/07/07,0
2729,27/07/07,0
2730,27/07/07,0
2731,27/07/07,0
2732,27/07/07,0
2733,27/07/07,0
2734,27/07/07,0
2735,28/07/07,0
2736,28/07/07,0
2737,28/07/07,0
2739,28/07/07,0
2740,28/07/07,0
2741,28/07/07,0
2743,28/07/07,0
2744,28/07/07,0
2745,28/07/07,0
2746,28/07/07,0
2747,28/07/07,0
2748,28/07/07,0
2749,29/07/07,0
2750,29/07/07,0
2751,29/07/07,0
2752,29/07/07,0
2753,29/07/07,0
2754,29/07/07,0
2755,29/07/07,0
2756,29/07/07,0
2757,29/07/07,0
2758,29/07/07,0
2759,29/07/07,0
2760,29/07/07,0
2761,29/07/07,0
2762,29/07/07,0
2763,29/07/07,0
2764,30/07/07,0
2765,30/07/07,0
2766,30/07/07,0
2767,30/07/07,0
2768,30/07/07,0
2769,30/07/07,0
2770,30/07/07,0
2771,30/07/07,0
2773,31/07/07,0
2775,31/07/07,0
2776,31/07/07,0
2777,31/07/07,0
2778,31/07/07,0
2779,31/07/07,0
2780,01/08/07,0
2781,01/08/07,0
2783,01/08/07,0
2784,01/08/07,0
2785,02/08/07,0
2786,02/08/07,0
2787,02/08/07,0
2788,02/08/07,0
2789,02/08/07,0
2790,02/08/07,0
2791,02/08/07,0
2792,02/08/07,0
2793,02/08/07,0
2794,02/08/07,0
2795,03/08/07,0
2796,03/08/07,0
2797,03/08/07,0
2798,03/08/07,0
2799,04/08/07,0
2800,04/08/07,0
2801,04/08/07,0
2802,04/08/07,0
2803,04/08/07,0
2804,04/08/07,0
2805,04/08/07,0
2807,04/08/07,0
2808,04/08/07,0
2809,04/08/07,0
2811,04/08/07,0
2812,04/08/07,0
2813,04/08/07,0
2814,04/08/07,0
2815,04/08/07,0
2816,04/08/07,0
2817,04/08/07,0
2818,04/08/07,0
2819,04/08/07,0
2820,04/08/07,0
2821,05/08/07,0
2825,05/08/07,0
2826,05/08/07,0
2827,05/08/07,0
2828,05/08/07,0
2830,05/08/07,0
2831,05/08/07,0
2832,05/08/07,0
2833,05/08/07,0
2834,05/08/07,0
2835,05/08/07,0
2836,05/08/07,0
2837,05/08/07,0
2838,05/08/07,0
2839,05/08/07,0
2840,05/08/07,0
2841,05/08/07,0
2842,06/08/07,0
2843,06/08/07,0
2844,06/08/07,0
2846,06/08/07,0
2847,06/08/07,0
2848,06/08/07,0
2849,06/08/07,0
2850,06/08/07,0
2851,07/08/07,0
2852,07/08/07,0
2853,07/08/07,0
2854,07/08/07,0
2855,07/08/07,0
2856,08/08/07,0
2857,08/08/07,0
2858,08/08/07,0
2859,08/08/07,0
2860,08/08/07,0
2861,08/08/07,0
2862,08/08/07,0
2863,08/08/07,0
2864,08/08/07,0
2866,09/08/07,0
2867,09/08/07,0
2868,09/08/07,0
2869,09/08/07,0
2870,09/08/07,0
2871,09/08/07,0
2872,09/08/07,0
2873,09/08/07,0
2874,09/08/07,0
2875,09/08/07,0
2876,09/08/07,0
2877,09/08/07,0
2878,09/08/07,0
2879,10/08/07,0
2880,10/08/07,0
2882,10/08/07,0
2884,10/08/07,0
2885,10/08/07,0
2886,10/08/07,0
2887,10/08/07,0
2888,11/08/07,0
2889,11/08/07,0
2890,11/08/07,0
2891,11/08/07,0
2893,11/08/07,0
2894,11/08/07,0
2895,11/08/07,0
2896,11/08/07,0
2897,11/08/07,0
2898,11/08/07,0
2900,12/08/07,0
2901,12/08/07,0
2902,12/08/07,0
2903,12/08/07,0
2904,12/08/07,0
2905,12/08/07,0
2906,12/08/07,0
2907,12/08/07,0
2908,12/08/07,0
2909,12/08/07,0
2912,12/08/07,0
2913,12/08/07,0
2914,12/08/07,0
2915,12/08/07,0
2916,12/08/07,0
2917,12/08/07,0
2918,12/08/07,0
2919,12/08/07,0
2920,12/08/07,0
2921,12/08/07,0
2922,13/08/07,0
2923,13/08/07,0
2926,13/08/07,0
2927,13/08/07,0
2928,13/08/07,0
2929,13/08/07,0
2930,13/08/07,0
2931,13/08/07,0
2932,13/08/07,0
2933,13/08/07,0
2934,14/08/07,0
2935,14/08/07,0
2936,14/08/07,0
2937,14/08/07,0
2938,14/08/07,0
2939,14/08/07,0
2940,14/08/07,0
2941,14/08/07,0
2942,14/08/07,0
2943,14/08/07,0
2944,14/08/07,0
2945,14/08/07,0
2946,14/08/07,0
2947,14/08/07,0
2948,15/08/07,0
2949,15/08/07,0
2950,15/08/07,0
2951,15/08/07,0
2952,15/08/07,0
2953,15/08/07,0
2954,15/08/07,0
2955,15/08/07,0
2956,16/08/07,0
2957,16/08/07,0
2958,16/08/07,0
2959,16/08/07,0
2960,16/08/07,0
2961,16/08/07,0
2962,16/08/07,0
2963,17/08/07,0
2965,17/08/07,0
2966,17/08/07,0
2967,17/08/07,0
2968,17/08/07,0
2969,17/08/07,0
2970,17/08/07,0
2971,18/08/07,0
2972,18/08/07,0
2973,18/08/07,0
2974,18/08/07,0
2975,18/08/07,0
2976,18/08/07,0
2977,18/08/07,0
2978,18/08/07,0
2979,18/08/07,0
2980,18/08/07,0
2981,18/08/07,0
2982,18/08/07,0
2983,18/08/07,0
2984,18/08/07,0
2985,19/08/07,0
2986,19/08/07,0
2987,19/08/07,0
2988,19/08/07,0
2989,19/08/07,0
2990,19/08/07,0
2991,19/08/07,0
2992,19/08/07,0
2993,19/08/07,0
2994,19/08/07,0
2995,19/08/07,0
2996,19/08/07,0
2997,19/08/07,0
2998,19/08/07,0
2999,19/08/07,0
3000,19/08/07,0
3001,19/08/07,0
3002,19/08/07,0
3005,20/08/07,0
3006,20/08/07,0
3007,20/08/07,0
3008,20/08/07,0
3009,20/08/07,0
3010,20/08/07,0
3011,20/08/07,0
3012,20/08/07,0
3013,20/08/07,0
3014,20/08/07,0
3015,20/08/07,0
3016,20/08/07,0
3017,20/08/07,0
3018,21/08/07,0
3019,21/08/07,0
3020,21/08/07,0
3021,21/08/07,0
3022,21/08/07,0
3024,21/08/07,0
3025,21/08/07,0
3027,21/08/07,0
3028,21/08/07,0
3029,22/08/07,0
3030,22/08/07,0
3031,22/08/07,0
3032,22/08/07,0
3033,22/08/07,0
3034,22/08/07,0
3035,22/08/07,0
3036,22/08/07,0
3037,22/08/07,0
3038,22/08/07,0
3039,22/08/07,0
3040,23/08/07,0
3041,23/08/07,0
3042,23/08/07,0
3043,23/08/07,0
3044,23/08/07,0
3045,23/08/07,0
3046,23/08/07,0
3047,23/08/07,0
3048,23/08/07,0
3049,24/08/07,0
3050,24/08/07,0
3051,24/08/07,0
3052,24/08/07,0
3053,24/08/07,0
3054,24/08/07,0
3055,24/08/07,0
3056,24/08/07,0
3057,24/08/07,0
3058,24/08/07,0
3060,24/08/07,0
3061,24/08/07,0
3062,25/08/07,0
3063,25/08/07,0
3064,25/08/07,0
3065,25/08/07,0
3066,25/08/07,0
3067,25/08/07,0
3068,25/08/07,0
3069,25/08/07,0
3070,25/08/07,0
3071,25/08/07,0
3072,25/08/07,0
3073,25/08/07,0
3074,25/08/07,0
3075,25/08/07,0
3077,25/08/07,0
3078,25/08/07,0
3079,25/08/07,0
3080,25/08/07,0
3081,25/08/07,0
3082,25/08/07,0
3083,25/08/07,0
3084,25/08/07,0
3085,25/08/07,0
3086,26/08/07,0
3087,26/08/07,0
3088,26/08/07,0
3090,26/08/07,0
3091,26/08/07,0
3092,26/08/07,0
3093,26/08/07,0
3094,26/08/07,0
3096,26/08/07,0
3097,26/08/07,0
3099,26/08/07,0
3100,26/08/07,0
3102,27/08/07,0
3103,27/08/07,0
3104,27/08/07,0
3105,27/08/07,0
3106,27/08/07,0
3107,27/08/07,0
3108,27/08/07,0
3109,27/08/07,0
3110,27/08/07,0
3111,28/08/07,0
3113,28/08/07,0
3114,28/08/07,0
3115,28/08/07,0
3116,28/08/07,0
3117,28/08/07,0
3118,28/08/07,0
3119,28/08/07,0
3120,28/08/07,0
3121,28/08/07,0
3122,28/08/07,0
3123,28/08/07,0
3124,28/08/07,0
3125,28/08/07,0
3126,28/08/07,0
3127,28/08/07,0
3128,29/08/07,0
3129,29/08/07,0
3130,29/08/07,0
3131,29/08/07,0
3132,29/08/07,0
3133,29/08/07,0
3134,29/08/07,0
3135,29/08/07,0
3136,30/08/07,0
3137,30/08/07,0
3138,30/08/07,0
3139,30/08/07,0
3140,30/08/07,0
3142,30/08/07,0
3143,30/08/07,0
3144,30/08/07,0
3145,30/08/07,0
3146,30/08/07,0
3149,31/08/07,0
3151,31/08/07,0
3152,01/09/07,0
3153,01/09/07,0
3154,01/09/07,0
3155,01/09/07,0
3156,01/09/07,0
3157,01/09/07,0
3158,01/09/07,0
3159,01/09/07,0
3160,01/09/07,0
3161,01/09/07,0
3162,01/09/07,0
3163,01/09/07,0
3164,01/09/07,0
3165,01/09/07,0
3167,01/09/07,0
3168,01/09/07,0
3169,02/09/07,0
3170,02/09/07,0
3171,02/09/07,0
3172,02/09/07,0
3173,02/09/07,0
3174,02/09/07,0
3175,02/09/07,0
3176,02/09/07,0
3177,02/09/07,0
3178,02/09/07,0
3179,02/09/07,0
3180,02/09/07,0
3181,02/09/07,0
3182,02/09/07,0
3183,02/09/07,0
3184,02/09/07,0
3185,02/09/07,0
3186,02/09/07,0
3187,02/09/07,0
3188,02/09/07,0
3189,02/09/07,0
3191,02/09/07,0
3192,02/09/07,0
3193,02/09/07,0
3194,03/09/07,0
3196,03/09/07,0
3197,03/09/07,0
3198,03/09/07,0
3199,03/09/07,0
3200,03/09/07,0
3201,03/09/07,0
3202,03/09/07,0
3203,03/09/07,0
3204,04/09/07,0
3205,04/09/07,0
3206,04/09/07,0
3207,04/09/07,0
3208,04/09/07,0
3209,04/09/07,0
3210,04/09/07,0
3211,04/09/07,0
3212,04/09/07,0
3213,04/09/07,0
3214,04/09/07,0
3215,04/09/07,0
3216,04/09/07,0
3217,04/09/07,0
3219,04/09/07,0
3220,04/09/07,0
3221,04/09/07,0
3222,04/09/07,0
3223,04/09/07,0
3224,04/09/07,0
3225,04/09/07,0
3226,04/09/07,0
3227,04/09/07,0
3229,04/09/07,0
3231,05/09/07,0
3233,05/09/07,0
3234,05/09/07,0
3235,05/09/07,0
3236,05/09/07,0
3237,05/09/07,0
3238,05/09/07,0
3239,05/09/07,0
3240,05/09/07,0
3241,05/09/07,0
3242,06/09/07,0
3243,06/09/07,0
3244,06/09/07,0
3245,06/09/07,0
3246,06/09/07,0
3247,06/09/07,0
3248,06/09/07,0
3249,06/09/07,0
3250,06/09/07,0
3251,07/09/07,0
3252,07/09/07,0
3253,07/09/07,0
3254,07/09/07,0
3255,07/09/07,0
3256,07/09/07,0
3257,07/09/07,0
3258,07/09/07,0
3259,07/09/07,0
3261,07/09/07,0
3262,07/09/07,0
3264,07/09/07,0
3265,07/09/07,0
3266,08/09/07,0
3267,08/09/07,0
3268,08/09/07,0
3269,08/09/07,0
3270,08/09/07,0
3271,08/09/07,0
3272,08/09/07,0
3273,08/09/07,0
3275,08/09/07,0
3276,08/09/07,0
3277,08/09/07,0
3278,08/09/07,0
3279,08/09/07,0
3280,09/09/07,0
3282,09/09/07,0
3283,09/09/07,0
3285,09/09/07,0
3286,09/09/07,0
3287,09/09/07,0
3288,09/09/07,0
3289,09/09/07,0
3290,09/09/07,0
3292,09/09/07,0
3293,09/09/07,0
3294,09/09/07,0
3295,09/09/07,0
3296,09/09/07,0
3299,09/09/07,0
3300,09/09/07,0
3301,09/09/07,0
3302,09/09/07,0
3303,09/09/07,0
3304,09/09/07,0
3305,09/09/07,0
3307,09/09/07,0
3308,09/09/07,0
3310,09/09/07,0
3311,09/09/07,0
3312,09/09/07,0
3313,09/09/07,0
3314,09/09/07,0
3315,09/09/07,0
3316,09/09/07,0
3317,09/09/07,0
3318,09/09/07,0
3319,10/09/07,0
3320,10/09/07,0
3322,10/09/07,0
3323,10/09/07,0
3324,11/09/07,0
3325,11/09/07,0
3327,11/09/07,0
3328,11/09/07,0
3329,11/09/07,0
3330,11/09/07,0
3331,11/09/07,0
3332,11/09/07,0
3333,11/09/07,0
3334,11/09/07,0
3336,12/09/07,0
3338,12/09/07,0
3339,12/09/07,0
3340,12/09/07,0
3341,12/09/07,0
3342,12/09/07,0
3343,12/09/07,0
3344,12/09/07,0
3345,12/09/07,0
3346,12/09/07,0
3347,12/09/07,0
3348,13/09/07,0
3349,13/09/07,0
3350,13/09/07,0
3351,13/09/07,0
3352,13/09/07,0
3353,13/09/07,0
3354,13/09/07,0
3355,13/09/07,0
3356,13/09/07,0
3357,14/09/07,0
3358,14/09/07,0
3359,14/09/07,0
3360,14/09/07,0
3362,15/09/07,0
3363,15/09/07,0
3364,15/09/07,0
3365,15/09/07,0
3367,15/09/07,0
3368,15/09/07,0
3369,15/09/07,0
3370,15/09/07,0
3371,15/09/07,0
3372,15/09/07,0
3373,15/09/07,0
3374,15/09/07,0
3375,15/09/07,0
3376,16/09/07,0
3377,16/09/07,0
3378,16/09/07,0
3379,16/09/07,0
3380,16/09/07,0
3381,16/09/07,0
3382,16/09/07,0
3383,16/09/07,0
3385,16/09/07,0
3386,16/09/07,0
3387,16/09/07,0
3388,16/09/07,0
3390,16/09/07,0
3391,16/09/07,0
3392,16/09/07,0
3394,16/09/07,0
3395,16/09/07,0
3396,16/09/07,0
3398,16/09/07,0
3399,16/09/07,0
3400,16/09/07,0
3401,16/09/07,0
3403,17/09/07,0
3404,17/09/07,0
3405,17/09/07,0
3406,17/09/07,0
3408,17/09/07,0
3409,17/09/07,0
3410,17/09/07,0
3411,17/09/07,0
3412,17/09/07,0
3413,18/09/07,0
3415,18/09/07,0
3416,18/09/07,0
3417,18/09/07,0
3418,18/09/07,0
3419,18/09/07,0
3420,18/09/07,0
3421,18/09/07,0
3422,18/09/07,0
3425,18/09/07,0
3426,18/09/07,0
3427,18/09/07,0
3428,18/09/07,0
3429,18/09/07,0
3430,18/09/07,0
3431,18/09/07,0
3432,19/09/07,0
3433,19/09/07,0
3434,19/09/07,0
3435,19/09/07,0
3436,19/09/07,0
3437,19/09/07,0
3438,19/09/07,0
3440,19/09/07,0
3441,19/09/07,0
3442,19/09/07,0
3443,20/09/07,0
3444,20/09/07,0
3445,20/09/07,0
3446,20/09/07,0
3448,20/09/07,0
3449,20/09/07,0
3450,20/09/07,0
3451,21/09/07,0
3452,21/09/07,0
3453,21/09/07,0
3454,21/09/07,0
3456,21/09/07,0
3457,21/09/07,0
3458,21/09/07,0
3459,21/09/07,0
3460,21/09/07,0
3461,22/09/07,0
3462,22/09/07,0
3463,22/09/07,0
3464,22/09/07,0
3465,22/09/07,0
3466,22/09/07,0
3467,22/09/07,0
3468,22/09/07,0
3469,22/09/07,0
3471,22/09/07,0
3472,22/09/07,0
3473,22/09/07,0
3474,22/09/07,0
3476,23/09/07,0
3477,23/09/07,0
3478,23/09/07,0
3479,23/09/07,0
3480,23/09/07,0
3481,23/09/07,0
3482,23/09/07,0
3483,23/09/07,0
3484,23/09/07,0
3485,23/09/07,0
3487,23/09/07,0
3489,23/09/07,0
3490,23/09/07,0
3491,23/09/07,0
3492,23/09/07,0
3493,23/09/07,0
3494,23/09/07,0
3495,23/09/07,0
3496,23/09/07,0
3498,24/09/07,0
3499,24/09/07,0
3500,24/09/07,0
3502,24/09/07,0
3503,24/09/07,0
3504,24/09/07,0
3505,25/09/07,0
3506,25/09/07,0
3507,25/09/07,0
3508,25/09/07,0
3509,25/09/07,0
3510,25/09/07,0
3511,25/09/07,0
3512,25/09/07,0
3513,26/09/07,0
3515,26/09/07,0
3516,26/09/07,0
3517,26/09/07,0
3518,26/09/07,0
3519,26/09/07,0
3520,26/09/07,0
3521,26/09/07,0
3522,26/09/07,0
3523,26/09/07,0
3525,27/09/07,0
3526,27/09/07,0
3527,27/09/07,0
3528,27/09/07,0
3529,27/09/07,0
3530,27/09/07,0
3531,27/09/07,0
3532,27/09/07,0
3533,27/09/07,0
3534,27/09/07,0
3535,27/09/07,0
3536,27/09/07,0
3537,27/09/07,0
3538,27/09/07,0
3539,27/09/07,0
3540,27/09/07,0
3541,27/09/07,0
3542,28/09/07,0
3543,28/09/07,0
3544,28/09/07,0
3545,28/09/07,0
3546,28/09/07,0
3547,28/09/07,0
3548,28/09/07,0
3549,28/09/07,0
3551,29/09/07,0
3553,29/09/07,0
3554,29/09/07,0
3555,29/09/07,0
3556,29/09/07,0
3557,29/09/07,0
3558,29/09/07,0
3559,29/09/07,0
3560,29/09/07,0
3562,29/09/07,0
3563,29/09/07,0
3566,30/09/07,0
3568,30/09/07,0
3569,30/09/07,0
3570,30/09/07,0
3572,30/09/07,0
3573,30/09/07,0
3574,30/09/07,0
3575,30/09/07,0
3576,30/09/07,0
3577,30/09/07,0
3578,30/09/07,0
3579,30/09/07,0
3580,30/09/07,0
3581,30/09/07,0
3582,30/09/07,0
3583,30/09/07,0
3584,30/09/07,0
3585,01/10/07,0
3586,01/10/07,0
3587,01/10/07,0
3588,01/10/07,0
3589,01/10/07,0
3591,01/10/07,0
3592,01/10/07,0
3593,02/10/07,0
3594,02/10/07,0
3595,02/10/07,0
3596,02/10/07,0
3597,02/10/07,0
3598,02/10/07,0
3599,02/10/07,0
3600,02/10/07,0
3601,02/10/07,0
3602,02/10/07,0
3603,02/10/07,0
3604,02/10/07,0
3605,02/10/07,0
3606,02/10/07,0
3607,02/10/07,0
3608,02/10/07,0
3610,02/10/07,0
3611,02/10/07,0
3612,03/10/07,0
3614,03/10/07,0
3616,03/10/07,0
3617,03/10/07,0
3618,03/10/07,0
3619,03/10/07,0
3620,03/10/07,0
3622,04/10/07,0
3623,04/10/07,0
3624,04/10/07,0
3625,04/10/07,0
3629,05/10/07,0
3631,05/10/07,0
3632,05/10/07,0
3633,05/10/07,0
3634,05/10/07,0
3635,05/10/07,0
3636,05/10/07,0
3637,05/10/07,0
3638,05/10/07,0
3639,05/10/07,0
3640,05/10/07,0
3641,06/10/07,0
3643,06/10/07,0
3644,06/10/07,0
3645,06/10/07,0
3647,06/10/07,0
3648,06/10/07,0
3650,06/10/07,0
3651,06/10/07,0
3652,07/10/07,0
3653,07/10/07,0
3654,07/10/07,0
3655,07/10/07,0
3656,07/10/07,0
3657,07/10/07,0
3660,07/10/07,0
3661,07/10/07,0
3662,07/10/07,0
3663,07/10/07,0
3664,07/10/07,0
3666,07/10/07,0
3667,07/10/07,0
3668,07/10/07,0
3669,07/10/07,0
3670,07/10/07,0
3671,07/10/07,0
3672,07/10/07,0
3674,07/10/07,0
3676,07/10/07,0
3678,07/10/07,0
3679,07/10/07,0
3680,07/10/07,0
3681,07/10/07,0
3682,07/10/07,0
3683,07/10/07,0
3684,07/10/07,0
3685,07/10/07,0
3686,07/10/07,0
3687,07/10/07,0
3688,08/10/07,0
3689,08/10/07,0
3691,08/10/07,0
3692,08/10/07,0
3693,08/10/07,0
3694,08/10/07,0
3695,08/10/07,0
3696,08/10/07,0
3698,09/10/07,0
3699,09/10/07,0
3700,09/10/07,0
3701,09/10/07,0
3702,09/10/07,0
3703,09/10/07,0
3704,10/10/07,0
3706,10/10/07,0
3707,10/10/07,0
3708,10/10/07,0
3709,10/10/07,0
3710,10/10/07,0
3711,10/10/07,0
3712,19/10/07,0
3713,19/10/07,0
3714,19/10/07,0
3715,19/10/07,0
3716,19/10/07,0
3717,19/10/07,0
3718,19/10/07,0
3720,19/10/07,0
3721,19/10/07,0
3722,19/10/07,0
3723,19/10/07,0
3726,19/10/07,0
3727,19/10/07,0
3728,19/10/07,0
3729,19/10/07,0
3730,19/10/07,0
3731,19/10/07,0
3732,19/10/07,0
3733,19/10/07,0
3734,19/10/07,0
3735,19/10/07,0
3736,19/10/07,0
3737,19/10/07,0
3738,19/10/07,0
3739,19/10/07,0
3740,19/10/07,0
3741,19/10/07,0
3742,19/10/07,0
3743,19/10/07,0
3745,19/10/07,0
3747,19/10/07,0
3748,19/10/07,0
3749,19/10/07,0
3750,19/10/07,0
3751,19/10/07,0
3752,19/10/07,0
3753,19/10/07,0
3754,19/10/07,0
3755,19/10/07,0
3756,19/10/07,0
3757,19/10/07,0
3758,19/10/07,0
3759,19/10/07,0
3760,19/10/07,0
3761,19/10/07,0
3762,19/10/07,0
3764,19/10/07,0
3766,19/10/07,0
3767,19/10/07,0
3768,19/10/07,0
3769,19/10/07,0
3770,19/10/07,0
3771,19/10/07,0
3772,19/10/07,0
3773,19/10/07,0
3774,19/10/07,0
3775,19/10/07,0
3776,19/10/07,0
3777,19/10/07,0
3778,19/10/07,0
3779,19/10/07,0
3780,19/10/07,0
3781,19/10/07,0
3782,19/10/07,0
3783,19/10/07,0
3784,19/10/07,0
3785,19/10/07,0
3786,19/10/07,0
3787,19/10/07,0
3788,19/10/07,0
3789,20/10/07,0
3790,20/10/07,0
3791,20/10/07,0
3792,20/10/07,0
3793,20/10/07,0
3794,20/10/07,0
3796,20/10/07,0
3797,20/10/07,0
3798,20/10/07,0
3799,20/10/07,0
3800,20/10/07,0
3801,20/10/07,0
3802,20/10/07,0
3803,20/10/07,0
3804,20/10/07,0
3805,20/10/07,0
3806,20/10/07,0
3807,20/10/07,0
3808,20/10/07,0
3810,20/10/07,0
3811,20/10/07,0
3812,20/10/07,0
3813,20/10/07,0
3814,20/10/07,0
3815,20/10/07,0
3816,20/10/07,0
3817,20/10/07,0
3818,20/10/07,0
3819,20/10/07,0
3821,20/10/07,0
3822,20/10/07,0
3823,20/10/07,0
3824,20/10/07,0
3825,20/10/07,0
3826,20/10/07,0
3827,20/10/07,0
3828,20/10/07,0
3829,20/10/07,0
3830,20/10/07,0
3831,20/10/07,0
3832,20/10/07,0
3833,20/10/07,0
3834,20/10/07,0
3835,20/10/07,0
3836,20/10/07,0
3837,20/10/07,0
3838,20/10/07,0
3839,21/10/07,0
3840,21/10/07,0
3841,21/10/07,0
3842,21/10/07,0
3843,21/10/07,0
3844,21/10/07,0
3845,21/10/07,0
3846,21/10/07,0
3847,21/10/07,0
3849,21/10/07,0
3850,21/10/07,0
3852,21/10/07,0
3853,21/10/07,0
3854,21/10/07,0
3855,21/10/07,0
3857,21/10/07,0
3858,21/10/07,0
3859,21/10/07,0
3860,21/10/07,0
3861,21/10/07,0
3862,22/10/07,0
3863,22/10/07,0
3866,22/10/07,0
3867,22/10/07,0
3869,22/10/07,0
3870,22/10/07,0
3872,22/10/07,0
3873,22/10/07,0
3874,22/10/07,0
3875,22/10/07,0
3876,22/10/07,0
3877,22/10/07,0
3879,23/10/07,0
3880,23/10/07,0
3881,23/10/07,0
3882,23/10/07,0
3883,23/10/07,0
3885,24/10/07,0
3886,24/10/07,0
3887,24/10/07,0
3888,24/10/07,0
3889,24/10/07,0
3891,24/10/07,0
3892,24/10/07,0
3893,24/10/07,0
3894,24/10/07,0
3895,24/10/07,0
3896,24/10/07,0
3897,24/10/07,0
3898,24/10/07,0
3899,24/10/07,0
3900,24/10/07,0
3901,24/10/07,0
3902,25/10/07,0
3903,25/10/07,0
3904,25/10/07,0
3905,25/10/07,0
3906,25/10/07,0
3907,25/10/07,0
3908,25/10/07,0
3909,25/10/07,0
3910,25/10/07,0
3912,25/10/07,0
3913,26/10/07,0
3914,26/10/07,0
3915,26/10/07,0
3917,26/10/07,0
3918,26/10/07,0
3919,26/10/07,0
3920,26/10/07,0
3922,26/10/07,0
3923,26/10/07,0
3924,26/10/07,0
3926,26/10/07,0
3927,26/10/07,0
3928,26/10/07,0
3929,26/10/07,0
3930,26/10/07,0
3931,26/10/07,0
3932,27/10/07,0
3933,27/10/07,0
3934,27/10/07,0
3935,27/10/07,0
3936,27/10/07,0
3937,27/10/07,0
3938,27/10/07,0
3939,27/10/07,0
3940,27/10/07,0
3942,27/10/07,0
3943,27/10/07,0
3945,27/10/07,0
3946,27/10/07,0
3947,27/10/07,0
3948,27/10/07,0
3950,28/10/07,0
3951,28/10/07,0
3952,28/10/07,0
3954,28/10/07,0
3955,28/10/07,0
3956,28/10/07,0
3957,28/10/07,0
3958,28/10/07,0
3959,28/10/07,0
3962,28/10/07,0
3963,28/10/07,0
3964,28/10/07,0
3965,28/10/07,0
3966,28/10/07,0
3967,28/10/07,0
3968,28/10/07,0
3969,28/10/07,0
3970,28/10/07,0
3971,28/10/07,0
3972,28/10/07,0
3973,28/10/07,0
3974,28/10/07,0
3975,28/10/07,0
3976,28/10/07,0
3977,28/10/07,0
3978,28/10/07,0
3979,28/10/07,0
3980,28/10/07,0
3981,28/10/07,0
3982,28/10/07,0
3984,28/10/07,0
3985,29/10/07,0
3987,29/10/07,0
3988,29/10/07,0
3989,29/10/07,0
3990,29/10/07,0
3991,29/10/07,0
3992,29/10/07,0
3993,29/10/07,0
3994,29/10/07,0
3995,29/10/07,0
3996,29/10/07,0
3997,29/10/07,0
3998,30/10/07,0
3999,30/10/07,0
4000,30/10/07,0
4001,30/10/07,0
4002,30/10/07,0
4003,30/10/07,0
4004,30/10/07,0
4005,30/10/07,0
4006,30/10/07,0
4007,31/10/07,0
4008,31/10/07,0
4009,31/10/07,0
4010,31/10/07,0
4011,31/10/07,0
4012,31/10/07,0
4013,31/10/07,0
4014,31/10/07,0
4015,31/10/07,0
4016,31/10/07,0
4018,31/10/07,0
4019,31/10/07,0
4020,31/10/07,0
4023,31/10/07,0
4024,01/11/07,0
4025,01/11/07,0
4026,01/11/07,0
4027,01/11/07,0
4029,01/11/07,0
4030,01/11/07,0
4032,01/11/07,0
4033,01/11/07,0
4034,01/11/07,0
4035,01/11/07,0
4037,02/11/07,0
4038,02/11/07,0
4039,02/11/07,0
4040,02/11/07,0
4041,02/11/07,0
4042,02/11/07,0
4043,02/11/07,0
4044,02/11/07,0
4045,02/11/07,0
4046,02/11/07,0
4047,02/11/07,0
4049,02/11/07,0
4050,02/11/07,0
4051,02/11/07,0
4052,02/11/07,0
4053,02/11/07,0
4054,02/11/07,0
4055,02/11/07,0
4056,02/11/07,0
4057,03/11/07,0
4058,03/11/07,0
4059,03/11/07,0
4060,03/11/07,0
4061,03/11/07,0
4062,03/11/07,0
4063,03/11/07,0
4064,03/11/07,0
4065,03/11/07,0
4066,03/11/07,0
4067,03/11/07,0
4069,03/11/07,0
4070,04/11/07,0
4071,04/11/07,0
4072,04/11/07,0
4073,04/11/07,0
4076,04/11/07,0
4077,04/11/07,0
4078,04/11/07,0
4079,04/11/07,0
4080,04/11/07,0
4082,04/11/07,0
4083,04/11/07,0
4084,04/11/07,0
4085,04/11/07,0
4086,04/11/07,0
4087,04/11/07,0
4088,04/11/07,0
4089,04/11/07,0
4090,04/11/07,0
4091,04/11/07,0
4093,04/11/07,0
4094,04/11/07,0
4095,04/11/07,0
4096,04/11/07,0
4097,04/11/07,0
4098,04/11/07,0
4099,04/11/07,0
4102,04/11/07,0
4103,04/11/07,0
4104,04/11/07,0
4106,04/11/07,0
4107,04/11/07,0
4108,04/11/07,0
4110,04/11/07,0
4111,04/11/07,0
4112,04/11/07,0
4113,05/11/07,0
4114,05/11/07,0
4115,05/11/07,0
4116,05/11/07,0
4117,05/11/07,0
4119,05/11/07,0
4120,05/11/07,0
4121,05/11/07,0
4123,05/11/07,0
4125,06/11/07,0
4127,06/11/07,0
4129,06/11/07,0
4130,06/11/07,0
4131,06/11/07,0
4132,06/11/07,0
4133,06/11/07,0
4135,06/11/07,0
4136,06/11/07,0
4137,06/11/07,0
4138,07/11/07,0
4139,07/11/07,0
4140,07/11/07,0
4141,07/11/07,0
4142,07/11/07,0
4143,07/11/07,0
4144,07/11/07,0
4145,07/11/07,0
4146,07/11/07,0
4147,07/11/07,0
4148,07/11/07,0
4149,07/11/07,0
4150,07/11/07,0
4151,07/11/07,0
4153,07/11/07,0
4155,08/11/07,0
4156,08/11/07,0
4159,08/11/07,0
4160,08/11/07,0
4161,08/11/07,0
4162,08/11/07,0
4163,08/11/07,0
4164,08/11/07,0
4165,08/11/07,0
4166,08/11/07,0
4167,08/11/07,0
4168,08/11/07,0
4169,08/11/07,0
4170,08/11/07,0
4171,09/11/07,0
4172,09/11/07,0
4173,09/11/07,0
4174,09/11/07,0
4175,09/11/07,0
4178,09/11/07,0
4179,09/11/07,0
4180,09/11/07,0
4182,09/11/07,0
4183,09/11/07,0
4184,09/11/07,0
4185,09/11/07,0
4186,10/11/07,0
4187,10/11/07,0
4188,10/11/07,0
4190,10/11/07,0
4191,10/11/07,0
4192,10/11/07,0
4193,10/11/07,0
4194,10/11/07,0
4195,10/11/07,0
4196,10/11/07,0
4197,10/11/07,0
4198,10/11/07,0
4199,10/11/07,0
4200,10/11/07,0
4201,10/11/07,0
4202,10/11/07,0
4203,10/11/07,0
4204,10/11/07,0
4205,10/11/07,0
4206,10/11/07,0
4209,10/11/07,0
4210,11/11/07,0
4211,11/11/07,0
4212,11/11/07,0
4213,11/11/07,0
4214,11/11/07,0
4215,11/11/07,0
4216,11/11/07,0
4217,11/11/07,0
4219,11/11/07,0
4222,11/11/07,0
4223,11/11/07,0
4224,11/11/07,0
4225,11/11/07,0
4226,11/11/07,0
4227,11/11/07,0
4228,11/11/07,0
4229,11/11/07,0
4230,11/11/07,0
4231,11/11/07,0
4232,11/11/07,0
4234,11/11/07,0
4235,11/11/07,0
4236,11/11/07,0
4237,11/11/07,0
4238,11/11/07,0
4239,11/11/07,0
4240,11/11/07,0
4241,11/11/07,0
4242,11/11/07,0
4243,11/11/07,0
4244,11/11/07,0
4245,11/11/07,0
4247,11/11/07,0
4248,12/11/07,0
4249,12/11/07,0
4250,12/11/07,0
4251,12/11/07,0
4252,12/11/07,0
4253,12/11/07,0
4254,12/11/07,0
4255,12/11/07,0
4256,12/11/07,0
4257,12/11/07,0
4258,12/11/07,0
4259,12/11/07,0
4260,12/11/07,0
4262,12/11/07,0
4264,13/11/07,0
4265,13/11/07,0
4267,13/11/07,0
4268,13/11/07,0
4269,13/11/07,0
4270,13/11/07,0
4271,13/11/07,0
4273,13/11/07,0
4274,13/11/07,0
4276,13/11/07,0
4278,13/11/07,0
4279,14/11/07,0
4280,14/11/07,0
4281,14/11/07,0
4282,14/11/07,0
4283,14/11/07,0
4284,14/11/07,0
4285,14/11/07,0
4286,14/11/07,0
4287,14/11/07,0
4288,14/11/07,0
4289,14/11/07,0
4290,14/11/07,0
4291,14/11/07,0
4292,14/11/07,0
4293,14/11/07,0
4295,15/11/07,0
4296,15/11/07,0
4297,15/11/07,0
4298,15/11/07,0
4299,15/11/07,0
4300,15/11/07,0
4301,15/11/07,0
4302,15/11/07,0
4304,15/11/07,0
4305,15/11/07,0
4306,15/11/07,0
4307,15/11/07,0
4308,15/11/07,0
4309,16/11/07,0
4310,16/11/07,0
4311,16/11/07,0
4312,16/11/07,0
4313,16/11/07,0
4315,16/11/07,0
4316,16/11/07,0
4317,16/11/07,0
4318,16/11/07,0
4319,16/11/07,0
4320,16/11/07,0
4322,17/11/07,0
4323,17/11/07,0
4324,17/11/07,0
4325,17/11/07,0
4326,17/11/07,0
4328,17/11/07,0
4329,17/11/07,0
4330,17/11/07,0
4331,17/11/07,0
4332,17/11/07,0
4333,17/11/07,0
4334,17/11/07,0
4336,17/11/07,0
4337,17/11/07,0
4338,17/11/07,0
4339,17/11/07,0
4340,17/11/07,0
4341,17/11/07,0
4342,18/11/07,0
4343,18/11/07,0
4344,18/11/07,0
4345,18/11/07,0
4346,18/11/07,0
4347,18/11/07,0
4349,18/11/07,0
4350,18/11/07,0
4351,18/11/07,0
4353,18/11/07,0
4355,18/11/07,0
4357,18/11/07,0
4358,18/11/07,0
4359,18/11/07,0
4360,18/11/07,0
4362,18/11/07,0
4363,18/11/07,0
4364,18/11/07,0
4365,18/11/07,0
4366,18/11/07,0
4367,18/11/07,0
4368,19/11/07,0
4369,19/11/07,0
4372,19/11/07,0
4373,19/11/07,0
4377,19/11/07,0
4378,19/11/07,0
4379,19/11/07,0
4381,20/11/07,0
4382,20/11/07,0
4383,20/11/07,0
4384,20/11/07,0
4385,20/11/07,0
4386,20/11/07,0
4387,20/11/07,0
4388,20/11/07,0
4389,20/11/07,0
4391,21/11/07,0
4392,21/11/07,0
4393,21/11/07,0
4394,21/11/07,0
4395,21/11/07,0
4396,21/11/07,0
4397,21/11/07,0
4398,21/11/07,0
4399,21/11/07,0
4400,21/11/07,0
4401,21/11/07,0
4402,21/11/07,0
4403,22/11/07,0
4404,22/11/07,0
4406,22/11/07,0
4408,22/11/07,0
4409,22/11/07,0
4410,22/11/07,0
4411,22/11/07,0
4412,22/11/07,0
4413,22/11/07,0
4414,22/11/07,0
4415,22/11/07,0
4416,22/11/07,0
4417,22/11/07,0
4418,22/11/07,0
4421,22/11/07,0
4422,23/11/07,0
4423,23/11/07,0
4424,23/11/07,0
4425,23/11/07,0
4426,23/11/07,0
4427,23/11/07,0
4428,23/11/07,0
4429,23/11/07,0
4430,23/11/07,0
4431,23/11/07,0
4432,24/11/07,0
4433,24/11/07,0
4434,24/11/07,0
4435,24/11/07,0
4436,24/11/07,0
4437,24/11/07,0
4439,24/11/07,0
4440,24/11/07,0
4441,24/11/07,0
4442,24/11/07,0
4443,24/11/07,0
4445,24/11/07,0
4446,24/11/07,0
4447,24/11/07,0
4448,24/11/07,0
4449,24/11/07,0
4450,24/11/07,0
4451,24/11/07,0
4453,25/11/07,0
4454,25/11/07,0
4455,25/11/07,0
4456,25/11/07,0
4457,25/11/07,0
4458,25/11/07,0
4459,25/11/07,0
4461,25/11/07,0
4462,25/11/07,0
4463,25/11/07,0
4464,25/11/07,0
4465,25/11/07,0
4466,25/11/07,0
4469,25/11/07,0
4470,25/11/07,0
4471,25/11/07,0
4472,25/11/07,0
4473,25/11/07,0
4474,25/11/07,0
4475,25/11/07,0
4476,25/11/07,0
4477,25/11/07,0
4479,25/11/07,0
4481,25/11/07,0
4482,25/11/07,0
4483,25/11/07,0
4484,25/11/07,0
4486,25/11/07,0
4487,25/11/07,0
4488,25/11/07,0
4489,25/11/07,0
4490,26/11/07,0
4491,26/11/07,0
4492,26/11/07,0
4493,26/11/07,0
4494,26/11/07,0
4495,26/11/07,0
4496,26/11/07,0
4497,26/11/07,0
4498,26/11/07,0
4499,26/11/07,0
4500,26/11/07,0
4501,26/11/07,0
4502,26/11/07,0
4503,26/11/07,0
4504,26/11/07,0
4507,27/11/07,0
4508,27/11/07,0
4509,27/11/07,0
4510,27/11/07,0
4511,27/11/07,0
4512,27/11/07,0
4513,27/11/07,0
4515,28/11/07,0
4516,28/11/07,0
4517,28/11/07,0
4518,28/11/07,0
4519,28/11/07,0
4521,28/11/07,0
4523,28/11/07,0
4524,28/11/07,0
4525,28/11/07,0
4526,29/11/07,0
4527,29/11/07,0
4528,29/11/07,0
4529,29/11/07,0
4530,29/11/07,0
4531,29/11/07,0
4532,29/11/07,0
4533,29/11/07,0
4534,29/11/07,0
4535,29/11/07,0
4536,29/11/07,0
4537,29/11/07,0
4539,29/11/07,0
4542,30/11/07,0
4543,30/11/07,0
4546,30/11/07,0
4547,30/11/07,0
4548,30/11/07,0
4549,30/11/07,0
4550,30/11/07,0
4551,30/11/07,0
4553,30/11/07,0
4554,30/11/07,0
4555,30/11/07,0
4556,30/11/07,0
4557,30/11/07,0
4558,30/11/07,0
4559,30/11/07,0
4561,01/12/07,0
4562,01/12/07,0
4563,01/12/07,0
4564,01/12/07,0
4565,01/12/07,0
4566,01/12/07,0
4567,01/12/07,0
4571,01/12/07,0
4572,01/12/07,0
4573,01/12/07,0
4574,01/12/07,0
4575,01/12/07,0
4576,01/12/07,0
4577,01/12/07,0
4578,01/12/07,0
4579,01/12/07,0
4580,01/12/07,0
4581,01/12/07,0
4582,01/12/07,0
4584,01/12/07,0
4585,02/12/07,0
4586,02/12/07,0
4587,02/12/07,0
4588,02/12/07,0
4589,02/12/07,0
4590,02/12/07,0
4591,02/12/07,0
4593,02/12/07,0
4594,02/12/07,0
4595,02/12/07,0
4596,02/12/07,0
4597,02/12/07,0
4598,02/12/07,0
4599,02/12/07,0
4600,02/12/07,0
4602,02/12/07,0
4603,02/12/07,0
4604,02/12/07,0
4605,02/12/07,0
4606,02/12/07,0
4607,02/12/07,0
4608,02/12/07,0
4609,02/12/07,0
4610,02/12/07,0
4611,02/12/07,0
4612,02/12/07,0
4614,02/12/07,0
4615,02/12/07,0
4616,02/12/07,0
4617,02/12/07,0
4618,02/12/07,0
4619,02/12/07,0
4621,02/12/07,0
4622,02/12/07,0
4623,02/12/07,0
4624,02/12/07,0
4625,02/12/07,0
4626,02/12/07,0
4627,02/12/07,0
4628,02/12/07,0
4629,02/12/07,0
4630,02/12/07,0
4631,02/12/07,0
4632,02/12/07,0
4634,02/12/07,0
4635,02/12/07,0
4636,03/12/07,0
4637,03/12/07,0
4638,03/12/07,0
4639,03/12/07,0
4640,03/12/07,0
4641,03/12/07,0
4642,03/12/07,0
4643,03/12/07,0
4644,03/12/07,0
4646,03/12/07,0
4647,03/12/07,0
4648,03/12/07,0
4649,03/12/07,0
4650,03/12/07,0
4652,03/12/07,0
4653,03/12/07,0
4655,03/12/07,0
4656,04/12/07,0
4657,04/12/07,0
4658,04/12/07,0
4659,04/12/07,0
4660,04/12/07,0
4662,04/12/07,0
4663,04/12/07,0
4665,04/12/07,0
4666,04/12/07,0
4667,04/12/07,0
4668,04/12/07,0
4670,05/12/07,0
4671,05/12/07,0
4672,05/12/07,0
4673,05/12/07,0
4674,05/12/07,0
4677,05/12/07,0
4678,05/12/07,0
4679,06/12/07,0
4680,06/12/07,0
4683,06/12/07,0
4684,06/12/07,0
4685,07/12/07,0
4686,07/12/07,0
4687,07/12/07,0
4688,07/12/07,0
4689,07/12/07,0
4690,07/12/07,0
4691,07/12/07,0
4692,07/12/07,0
4693,07/12/07,0
4694,07/12/07,0
4695,07/12/07,0
4696,07/12/07,0
4697,08/12/07,0
4699,08/12/07,0
4700,08/12/07,0
4701,08/12/07,0
4702,08/12/07,0
4703,08/12/07,0
4704,08/12/07,0
4705,08/12/07,0
4706,08/12/07,0
4707,08/12/07,0
4708,08/12/07,0
4709,08/12/07,0
4710,08/12/07,0
4711,08/12/07,0
4712,08/12/07,0
4713,08/12/07,0
4714,08/12/07,0
4715,08/12/07,0
4716,08/12/07,0
4718,08/12/07,0
4719,08/12/07,0
4720,08/12/07,0
4721,08/12/07,0
4722,09/12/07,0
4723,09/12/07,0
4724,09/12/07,0
4725,09/12/07,0
4726,09/12/07,0
4727,09/12/07,0
4728,09/12/07,0
4729,09/12/07,0
4730,09/12/07,0
4731,09/12/07,0
4732,09/12/07,0
4733,09/12/07,0
4735,09/12/07,0
4736,09/12/07,0
4738,09/12/07,0
4739,09/12/07,0
4740,09/12/07,0
4741,09/12/07,0
4742,09/12/07,0
4743,09/12/07,0
4744,09/12/07,0
4745,09/12/07,0
4746,09/12/07,0
4747,09/12/07,0
4748,09/12/07,0
4749,09/12/07,0
4750,09/12/07,0
4751,09/12/07,0
4752,09/12/07,0
4753,09/12/07,0
4754,09/12/07,0
4755,09/12/07,0
4756,10/12/07,0
4759,10/12/07,0
4760,10/12/07,0
4761,10/12/07,0
4762,10/12/07,0
4763,10/12/07,0
4764,10/12/07,0
4765,10/12/07,0
4767,11/12/07,0
4768,11/12/07,0
4769,11/12/07,0
4770,11/12/07,0
4771,11/12/07,0
4772,11/12/07,0
4774,11/12/07,0
4775,11/12/07,0
4776,11/12/07,0
4780,11/12/07,0
4781,11/12/07,0
4782,12/12/07,0
4783,12/12/07,0
4784,12/12/07,0
4785,12/12/07,0
4786,12/12/07,0
4787,12/12/07,0
4788,12/12/07,0
4789,12/12/07,0
4790,12/12/07,0
4791,12/12/07,0
4792,12/12/07,0
4794,13/12/07,0
4795,13/12/07,0
4796,13/12/07,0
4797,13/12/07,0
4798,13/12/07,0
4799,13/12/07,0
4800,13/12/07,0
4802,13/12/07,0
4803,13/12/07,0
4804,13/12/07,0
4805,13/12/07,0
4806,13/12/07,0
4807,13/12/07,0
4808,13/12/07,0
4809,14/12/07,0
4810,14/12/07,0
4811,14/12/07,0
4812,14/12/07,0
4813,14/12/07,0
4814,14/12/07,0
4815,14/12/07,0
4816,14/12/07,0
4817,14/12/07,0
4818,14/12/07,0
4819,14/12/07,0
4820,14/12/07,0
4822,14/12/07,0
4823,14/12/07,0
4824,14/12/07,0
4825,15/12/07,0
4826,15/12/07,0
4827,15/12/07,0
4829,15/12/07,0
4831,15/12/07,0
4832,15/12/07,0
4833,15/12/07,0
4834,15/12/07,0
4835,15/12/07,0
4836,15/12/07,0
4837,15/12/07,0
4838,15/12/07,0
4839,15/12/07,0
4840,15/12/07,0
4841,15/12/07,0
4842,15/12/07,0
4843,15/12/07,0
4844,15/12/07,0
4845,15/12/07,0
4846,15/12/07,0
4847,15/12/07,0
4848,15/12/07,0
4849,15/12/07,0
4850,15/12/07,0
4853,16/12/07,0
4855,16/12/07,0
4856,16/12/07,0
4857,16/12/07,0
4858,16/12/07,0
4859,16/12/07,0
4860,16/12/07,0
4862,16/12/07,0
4863,16/12/07,0
4866,16/12/07,0
4867,16/12/07,0
4869,16/12/07,0
4870,16/12/07,0
4872,16/12/07,0
4873,16/12/07,0
4874,16/12/07,0
4875,16/12/07,0
4876,16/12/07,0
4877,16/12/07,0
4878,16/12/07,0
4879,16/12/07,0
4880,16/12/07,0
4881,16/12/07,0
4882,16/12/07,0
4883,16/12/07,0
4884,16/12/07,0
4885,16/12/07,0
4886,16/12/07,0
4887,16/12/07,0
4889,17/12/07,0
4890,17/12/07,0
4891,17/12/07,0
4893,17/12/07,0
4895,17/12/07,0
4896,17/12/07,0
4897,17/12/07,0
4899,17/12/07,0
4901,18/12/07,0
4903,18/12/07,0
4904,18/12/07,0
4905,18/12/07,0
4906,18/12/07,0
4907,18/12/07,0
4908,18/12/07,0
4909,18/12/07,0
4910,18/12/07,0
4911,18/12/07,0
4912,18/12/07,0
4913,19/12/07,0
4915,19/12/07,0
4916,19/12/07,0
4917,19/12/07,0
4918,19/12/07,0
4919,19/12/07,0
4920,19/12/07,0
4921,19/12/07,0
4922,19/12/07,0
4923,19/12/07,0
4924,19/12/07,0
4925,20/12/07,0
4926,20/12/07,0
4927,20/12/07,0
4929,20/12/07,0
4930,20/12/07,0
4932,20/12/07,0
4933,20/12/07,0
4937,21/12/07,0
4939,21/12/07,0
4940,21/12/07,0
4941,21/12/07,0
4942,21/12/07,0
4943,21/12/07,0
4944,21/12/07,0
4945,21/12/07,0
4946,21/12/07,0
4947,21/12/07,0
4948,21/12/07,0
4950,21/12/07,0
4951,21/12/07,0
4952,21/12/07,0
4953,21/12/07,0
4954,21/12/07,0
4956,21/12/07,0
4957,21/12/07,0
4958,22/12/07,0
4959,22/12/07,0
4960,22/12/07,0
4961,22/12/07,0
4962,22/12/07,0
4963,22/12/07,0
4964,22/12/07,0
4965,22/12/07,0
4967,22/12/07,0
4968,22/12/07,0
4969,22/12/07,0
4970,22/12/07,0
4971,22/12/07,0
4972,22/12/07,0
4974,22/12/07,0
4975,23/12/07,0
4976,23/12/07,0
4978,23/12/07,0
4979,23/12/07,0
4980,23/12/07,0
4981,23/12/07,0
4982,23/12/07,0
4984,23/12/07,0
4985,23/12/07,0
4986,23/12/07,0
4987,23/12/07,0
4988,23/12/07,0
4989,23/12/07,0
4990,23/12/07,0
4992,23/12/07,0
4993,23/12/07,0
4995,24/12/07,0
4996,24/12/07,0
4997,24/12/07,0
4998,24/12/07,0
4999,24/12/07,0
5001,24/12/07,0
5002,24/12/07,0
5003,24/12/07,0
5004,24/12/07,0
5005,24/12/07,0
5006,25/12/07,0
5008,25/12/07,0
5009,25/12/07,0
5010,25/12/07,0
5011,25/12/07,0
5012,25/12/07,0
5013,25/12/07,0
5015,25/12/07,0
5016,25/12/07,0
5017,25/12/07,0
5019,25/12/07,0
5020,25/12/07,0
5021,26/12/07,0
5022,26/12/07,0
5023,26/12/07,0
5024,26/12/07,0
5025,26/12/07,0
5027,26/12/07,0
5029,26/12/07,0
5031,26/12/07,0
5032,26/12/07,0
5033,26/12/07,0
5034,26/12/07,0
5035,27/12/07,0
5036,27/12/07,0
5037,27/12/07,0
5039,27/12/07,0
5040,27/12/07,0
5041,27/12/07,0
5042,27/12/07,0
5043,27/12/07,0
5044,27/12/07,0
5045,27/12/07,0
5046,27/12/07,0
5047,28/12/07,0
5049,28/12/07,0
5050,28/12/07,0
5051,28/12/07,0
5054,28/12/07,0
5055,28/12/07,0
5056,28/12/07,0
5057,28/12/07,0
5058,28/12/07,0
5059,29/12/07,0
5060,29/12/07,0
5061,29/12/07,0
5062,29/12/07,0
5063,29/12/07,0
5064,29/12/07,0
5065,29/12/07,0
5066,29/12/07,0
5068,29/12/07,0
5069,29/12/07,0
5070,29/12/07,0
5071,29/12/07,0
5072,29/12/07,0
5073,30/12/07,0
5074,30/12/07,0
5075,30/12/07,0
5076,30/12/07,0
5077,30/12/07,0
5078,30/12/07,0
5079,30/12/07,0
5081,30/12/07,0
5083,30/12/07,0
5084,30/12/07,0
5085,30/12/07,0
5086,30/12/07,0
5087,30/12/07,0
5088,30/12/07,0
5089,30/12/07,0
5090,30/12/07,0
5091,30/12/07,0
5092,30/12/07,0
5093,30/12/07,0
5095,31/12/07,0
5096,31/12/07,0
5098,31/12/07,0
5099,31/12/07,0
5100,31/12/07,0
5101,31/12/07,0
5102,31/12/07,0
5103,31/12/07,0
5104,31/12/07,0
5105,31/12/07,0
5107,31/12/07,0
5108,31/12/07,0
5109,31/12/07,0
5110,31/12/07,0
5111,31/12/07,0
5112,31/12/07,0
5113,31/12/07,0
686,01/01/07,11756
685,01/01/07,130115
679,01/01/07,130117
684,01/01/07,130119
693,02/01/07,11958
692,02/01/07,130116
690,02/01/07,130120
696,02/01/07,130121
698,02/01/07,140141
701,03/01/07,130121
703,03/01/07,130122
706,04/01/07,130123
707,04/01/07,130124
708,04/01/07,130126
4,04/01/07,130127
712,04/01/07,130127
713,04/01/07,130127
714,04/01/07,130128
720,05/01/07,130130
723,05/01/07,130131
717,05/01/07,130139
728,06/01/07,11862
729,06/01/07,130130
727,06/01/07,130133
730,06/01/07,130145
745,07/01/07,59411
750,07/01/07,93623
756,07/01/07,113246
751,07/01/07,130132
747,07/01/07,130133
753,07/01/07,130144
755,07/01/07,130146
739,07/01/07,130147
744,07/01/07,130147
749,07/01/07,130149
738,07/01/07,130174
760,08/01/07,130113
765,08/01/07,130130
764,08/01/07,130146
763,08/01/07,130147
762,08/01/07,130153
766,08/01/07,130154
768,09/01/07,132099
772,09/01/07,140130
775,10/01/07,130114
777,10/01/07,130124
782,11/01/07,11082
780,11/01/07,130151
786,12/01/07,13148
785,12/01/07,44607
798,13/01/07,11242
791,13/01/07,130148
6,13/01/07,130152
793,13/01/07,130152
794,13/01/07,130152
801,14/01/07,46177
809,14/01/07,130059
808,14/01/07,130114
810,14/01/07,130114
812,14/01/07,130156
806,14/01/07,130185
805,14/01/07,130186
799,14/01/07,130188
800,14/01/07,130188
815,15/01/07,130115
813,15/01/07,130185
817,15/01/07,130189
821,16/01/07,130147
826,16/01/07,130150
820,16/01/07,130189
828,16/01/07,130192
831,17/01/07,130186
838,18/01/07,130186
847,19/01/07,10574
845,19/01/07,130115
846,19/01/07,130115
854,19/01/07,130182
863,20/01/07,130101
860,20/01/07,130181
861,20/01/07,130183
878,21/01/07,130102
877,21/01/07,130103
876,21/01/07,130104
872,21/01/07,130106
871,21/01/07,130107
881,21/01/07,130109
886,22/01/07,16894
885,22/01/07,130041
883,22/01/07,130042
882,22/01/07,130043
887,23/01/07,130030
889,23/01/07,130031
891,23/01/07,130032
897,24/01/07,12035
893,24/01/07,130033
905,25/01/07,33733
906,25/01/07,64359
908,25/01/07,130031
898,25/01/07,130034
904,25/01/07,130035
903,25/01/07,130037
913,26/01/07,130029
910,26/01/07,130102
915,26/01/07,130298
8,27/01/07,104912
917,27/01/07,104912
918,27/01/07,104912
920,27/01/07,130007
941,28/01/07,32169
939,28/01/07,130002
934,28/01/07,130006
931,28/01/07,130010
938,28/01/07,130018
948,29/01/07,130004
943,29/01/07,130026
957,30/01/07,10613
956,30/01/07,48819
959,30/01/07,130009
950,30/01/07,130017
960,31/01/07,130009
963,31/01/07,130012
972,01/02/07,60686
965,01/02/07,130010
977,02/02/07,130014
981,02/02/07,130015
980,02/02/07,130042
975,02/02/07,130110
990,03/02/07,130019
993,03/02/07,130020
988,03/02/07,130299
996,04/02/07,63607
994,04/02/07,69779
997,04/02/07,130022
1005,04/02/07,130023
1006,04/02/07,130024
1007,04/02/07,130025
1008,04/02/07,130025
1010,05/02/07,130044
1013,05/02/07,130266
1015,05/02/07,130295
1012,05/02/07,130297
1022,06/02/07,130267
1018,06/02/07,130296
1023,07/02/07,130269
1038,07/02/07,130270
1039,07/02/07,130271
1041,08/02/07,130272
1043,08/02/07,130274
1042,08/02/07,130275
1051,08/02/07,130277
1045,08/02/07,130278
1055,08/02/07,130279
1059,08/02/07,130280
1061,09/02/07,130276
1062,09/02/07,130282
1067,09/02/07,130285
1064,09/02/07,130288
1069,10/02/07,68963
1068,10/02/07,130281
1070,11/02/07,130286
1072,11/02/07,130287
1078,11/02/07,130287
1079,11/02/07,130288
1085,11/02/07,130289
1083,11/02/07,130290
1092,12/02/07,130257
1086,12/02/07,130292
1095,13/02/07,130268
1103,14/02/07,11659
1102,14/02/07,130259
1104,14/02/07,130261
1105,14/02/07,130262
1106,14/02/07,130263
1109,15/02/07,130262
1110,15/02/07,130264
1116,16/02/07,130265
1123,16/02/07,130265
1133,17/02/07,130265
1137,18/02/07,130201
1138,18/02/07,130202
1145,18/02/07,130251
1149,18/02/07,130253
1150,18/02/07,164334
1157,19/02/07,130255
1160,20/02/07,130203
1162,20/02/07,130204
1164,20/02/07,130206
1163,20/02/07,130213
1159,20/02/07,130256
1170,21/02/07,130207
1171,21/02/07,130209
1167,21/02/07,130210
1175,22/02/07,130214
1178,22/02/07,130214
1182,23/02/07,130208
1181,23/02/07,130212
1189,23/02/07,130222
1184,23/02/07,130223
1190,23/02/07,130224
1201,24/02/07,130217
1191,24/02/07,130218
1193,24/02/07,130219
1196,24/02/07,130220
1200,24/02/07,130220
1198,24/02/07,130221
1203,24/02/07,130224
1213,25/02/07,12043
1221,25/02/07,70344
1219,25/02/07,130226
1205,25/02/07,130227
1214,25/02/07,130231
1216,25/02/07,130232
1207,25/02/07,130288
1212,25/02/07,130299
1228,26/02/07,130249
1229,27/02/07,130234
1230,27/02/07,130235
1231,27/02/07,130236
1237,28/02/07,11424
1240,28/02/07,130237
1249,01/03/07,69821
1242,01/03/07,130238
1243,01/03/07,130239
1241,01/03/07,130294
1251,02/03/07,130250
1254,03/03/07,130227
1255,03/03/07,130242
1257,03/03/07,130243
1258,03/03/07,130244
1261,05/03/07,69780
1264,05/03/07,130246
1265,05/03/07,130247
1269,06/03/07,130241
1272,06/03/07,218701
1273,06/03/07,218703
1277,07/03/07,218788
1282,08/03/07,130246
1285,08/03/07,218790
1287,09/03/07,218791
1288,09/03/07,218792
1291,09/03/07,218795
1305,10/03/07,77366
1295,10/03/07,218797
1298,10/03/07,218798
1300,10/03/07,218799
1310,11/03/07,218777
1313,11/03/07,218778
1315,11/03/07,218779
1316,11/03/07,218780
1317,11/03/07,218781
1318,11/03/07,218782
1323,12/03/07,69779
1328,13/03/07,130251
12,13/03/07,218501
1327,13/03/07,218501
1331,13/03/07,218501
1329,13/03/07,218502
1325,13/03/07,218784
1336,14/03/07,218504
1342,15/03/07,218506
1349,15/03/07,218508
1351,16/03/07,218505
1352,16/03/07,218505
1358,16/03/07,218509
1368,17/03/07,10415
1362,17/03/07,218505
1360,17/03/07,218510
1363,17/03/07,218510
1364,17/03/07,218512
1372,18/03/07,11424
1379,18/03/07,218514
1376,18/03/07,218515
1370,18/03/07,218516
1373,18/03/07,218517
1374,18/03/07,218518
1377,18/03/07,218519
1380,19/03/07,218513
1382,19/03/07,218520
1383,19/03/07,218522
1384,19/03/07,218524
1388,19/03/07,218528
1407,21/03/07,218517
1403,21/03/07,218525
1399,21/03/07,218526
1408,21/03/07,218786
1410,22/03/07,218527
1412,22/03/07,218530
1413,22/03/07,218530
1420,23/03/07,218539
1425,24/03/07,11867
1428,24/03/07,218525
1434,24/03/07,218533
1432,24/03/07,218535
1433,24/03/07,218536
1441,25/03/07,13030
1449,25/03/07,218532
1450,25/03/07,218532
1444,25/03/07,218537
1446,25/03/07,218538
1453,26/03/07,130126
1456,26/03/07,218548
1465,27/03/07,130287
1460,27/03/07,218542
1463,27/03/07,218545
1466,27/03/07,218546
1468,27/03/07,218547
1475,28/03/07,218553
1477,29/03/07,218554
1479,29/03/07,218555
1482,30/03/07,150975
1484,30/03/07,218541
1489,31/03/07,218556
1490,31/03/07,218746
1502,01/04/07,218702
1499,01/04/07,218747
1506,01/04/07,218747
1510,03/04/07,218751
1512,03/04/07,218752
1514,03/04/07,218753
1520,04/04/07,218755
1521,04/04/07,218756
1522,04/04/07,218757
1523,04/04/07,218758
1516,04/04/07,218765
1526,05/04/07,139958
1525,05/04/07,218759
1528,05/04/07,218760
1531,05/04/07,218761
1534,05/04/07,218763
1538,06/04/07,218750
1535,06/04/07,218764
1536,06/04/07,218764
1571,08/04/07,11785
1556,08/04/07,218748
1561,08/04/07,218754
1566,08/04/07,218766
1574,08/04/07,218767
1575,08/04/07,218768
1577,08/04/07,218770
1590,11/04/07,130063
1599,12/04/07,218772
1604,13/04/07,218785
1616,14/04/07,130126
1627,15/04/07,11729
1642,17/04/07,130212
1643,17/04/07,218775
1644,18/04/07,218776
1661,19/04/07,39432
1656,19/04/07,218707
1657,19/04/07,218708
1659,19/04/07,218709
1660,19/04/07,218710
1697,23/04/07,10735
1704,24/04/07,33728
1700,24/04/07,39036
1709,25/04/07,11754
1705,25/04/07,218799
1711,26/04/07,11165
1720,27/04/07,218718
1734,28/04/07,218719
1738,29/04/07,46803
1740,29/04/07,218721
1742,29/04/07,218722
1741,29/04/07,218723
1756,30/04/07,218724
1760,01/05/07,218557
1759,01/05/07,218558
1761,01/05/07,218559
1765,02/05/07,218560
1764,02/05/07,218561
1785,04/05/07,218564
1795,05/05/07,218565
1804,06/05/07,11638
1806,06/05/07,12043
1824,07/05/07,39192
1833,09/05/07,13927
1856,12/05/07,11490
1858,12/05/07,12051
1914,18/05/07,218571
1908,18/05/07,218799
1984,25/05/07,218737
1985,26/05/07,10415
1986,26/05/07,12023
1999,27/05/07,33443
2003,27/05/07,218738
2004,27/05/07,218739
2013,28/05/07,46803
2023,29/05/07,218742
2039,30/05/07,218704
2046,31/05/07,130214
2043,31/05/07,218582
2042,31/05/07,218745
2082,03/06/07,11729
2075,03/06/07,218583
2072,03/06/07,218588
2114,06/06/07,218592
2118,06/06/07,218733
2123,07/06/07,218591
2148,09/06/07,10596
2156,09/06/07,11580
2151,09/06/07,12088
2155,09/06/07,218600
2178,10/06/07,11645
2163,10/06/07,12059
2168,10/06/07,218001
2171,10/06/07,218002
2177,10/06/07,218003
2159,10/06/07,218583
2185,11/06/07,11184
2192,11/06/07,12066
2183,11/06/07,218004
2193,11/06/07,218008
2191,11/06/07,218595
2189,11/06/07,218734
2223,14/06/07,46803
2225,15/06/07,218013
2241,16/06/07,11785
2240,16/06/07,218017
2261,17/06/07,218015
2276,17/06/07,218021
2280,17/06/07,218024
2282,17/06/07,218026
2288,17/06/07,218027
2309,19/06/07,218029
2308,19/06/07,218037
2330,21/06/07,218032
2337,21/06/07,218040
2341,22/06/07,10596
2351,22/06/07,218042
2356,22/06/07,218042
2358,23/06/07,33443
2362,23/06/07,50571
2361,23/06/07,218044
2367,23/06/07,218045
2368,23/06/07,218046
2384,24/06/07,10618
2379,24/06/07,218035
2382,24/06/07,218047
2389,25/06/07,218049
2390,25/06/07,218050
2401,27/06/07,218092
2408,27/06/07,218094
2410,28/06/07,218095
2413,28/06/07,218096
2414,28/06/07,218097
2415,29/06/07,218098
2421,30/06/07,11900
2424,30/06/07,218088
2434,01/07/07,218051
2442,01/07/07,218052
2451,02/07/07,218053
2463,03/07/07,13927
2461,03/07/07,218054
2471,04/07/07,13927
2472,04/07/07,218056
2476,05/07/07,247932
2489,06/07/07,218061
2521,08/07/07,218040
2514,08/07/07,218064
2511,08/07/07,218065
2504,08/07/07,218066
2509,08/07/07,218068
2510,08/07/07,218069
2520,08/07/07,218084
2532,09/07/07,139930
2524,09/07/07,218072
2528,09/07/07,218074
2537,09/07/07,218077
2552,11/07/07,218078
2558,12/07/07,218081
2571,13/07/07,11785
2573,13/07/07,218082
2580,14/07/07,10618
2581,14/07/07,106278
2607,15/07/07,11785
2610,15/07/07,39100
2619,16/07/07,147293
2643,20/07/07,33401
2652,21/07/07,11869
2703,24/07/07,12184
2711,25/07/07,12170
2707,25/07/07,12182
2704,25/07/07,12183
2712,25/07/07,12789
2705,25/07/07,218017
2719,26/07/07,12178
2723,26/07/07,12181
2715,26/07/07,12200
2738,28/07/07,12175
2742,28/07/07,218778
2772,30/07/07,12173
2774,31/07/07,11867
2782,01/08/07,50559
2810,04/08/07,11711
2806,04/08/07,227330
2823,05/08/07,12707
2824,05/08/07,12707
2829,05/08/07,33195
2822,05/08/07,39471
2845,06/08/07,11785
2865,08/08/07,11158
2881,10/08/07,11785
2883,10/08/07,12174
2892,11/08/07,12707
2899,12/08/07,10618
2911,12/08/07,218081
2910,12/08/07,218557
2924,13/08/07,218580
2925,13/08/07,218580
2964,17/08/07,10618
3003,19/08/07,39605
3004,19/08/07,46424
3023,21/08/07,38884
3026,21/08/07,278558
3059,24/08/07,218752
3076,25/08/07,278519
3098,26/08/07,11839
3089,26/08/07,278515
3101,26/08/07,278562
3095,26/08/07,278571
3112,28/08/07,50557
3141,30/08/07,11125
3150,31/08/07,278564
3147,31/08/07,278573
3148,31/08/07,278598
3166,01/09/07,278572
3190,02/09/07,278417
3195,03/09/07,278570
3218,04/09/07,218002
3228,04/09/07,278415
3230,05/09/07,278451
3232,05/09/07,278452
3263,07/09/07,206328
3260,07/09/07,278565
3274,08/09/07,28661
3298,09/09/07,11691
3309,09/09/07,12177
3281,09/09/07,28662
3284,09/09/07,28663
3297,09/09/07,28664
3291,09/09/07,39678
3306,09/09/07,278585
3321,10/09/07,218015
3326,11/09/07,218015
3335,12/09/07,10415
3337,12/09/07,278408
3361,14/09/07,28645
3366,15/09/07,235866
3384,16/09/07,11811
3402,16/09/07,39910
3389,16/09/07,46803
3393,16/09/07,278600
3397,16/09/07,290521
3407,17/09/07,130214
3423,18/09/07,218015
3414,18/09/07,290510
3424,18/09/07,292570
3439,19/09/07,290531
3447,20/09/07,290535
3455,21/09/07,290534
3470,22/09/07,45926
3475,23/09/07,11134
3497,23/09/07,278587
3486,23/09/07,290514
3488,23/09/07,292570
3501,24/09/07,28664
3524,26/09/07,290524
3514,26/09/07,290525
3550,28/09/07,290518
3561,29/09/07,10935
3552,29/09/07,290580
3564,29/09/07,290583
3567,30/09/07,46424
3565,30/09/07,290585
3571,30/09/07,290586
3590,01/10/07,290590
3609,02/10/07,218055
3615,03/10/07,11633
3613,03/10/07,290573
3627,04/10/07,290521
3621,04/10/07,290574
3626,04/10/07,290575
3628,04/10/07,290576
3630,05/10/07,290577
3646,06/10/07,24840
3649,06/10/07,218011
3642,06/10/07,290600
3677,07/10/07,10915
3673,07/10/07,12086
3659,07/10/07,290560
3658,07/10/07,290561
3665,07/10/07,290564
3675,07/10/07,290569
3690,08/10/07,290539
3697,09/10/07,13927
3705,10/10/07,290517
3763,19/10/07,130107
3719,19/10/07,130139
3746,19/10/07,218002
3765,19/10/07,290906
3725,19/10/07,290984
3724,19/10/07,290985
3744,19/10/07,290994
3820,20/10/07,10929
3795,20/10/07,12080
3809,20/10/07,290928
3856,21/10/07,290508
3848,21/10/07,290525
3851,21/10/07,290980
3865,22/10/07,290938
3868,22/10/07,290941
3871,22/10/07,290945
3864,22/10/07,290978
3878,23/10/07,11958
3884,23/10/07,290954
3890,24/10/07,290948
3911,25/10/07,296008
3916,26/10/07,296009
3921,26/10/07,296013
22,26/10/07,296203
3925,26/10/07,296203
3941,27/10/07,290525
3944,27/10/07,296214
3949,27/10/07,296216
3960,28/10/07,10616
3953,28/10/07,11191
3983,28/10/07,296020
3961,28/10/07,296219
3986,29/10/07,296022
4017,31/10/07,39961
4021,31/10/07,290968
4022,31/10/07,296041
4028,01/11/07,10683
4031,01/11/07,296057
4036,01/11/07,296059
4048,02/11/07,296064
4068,03/11/07,296055
4100,04/11/07,11219
4105,04/11/07,11646
4075,04/11/07,296068
4074,04/11/07,296070
4081,04/11/07,296072
4092,04/11/07,296077
4101,04/11/07,296081
4109,04/11/07,296085
4122,05/11/07,296078
4118,05/11/07,296088
4124,06/11/07,11754
4126,06/11/07,296092
4128,06/11/07,296098
4134,06/11/07,296103
4152,07/11/07,11839
4157,08/11/07,10415
4154,08/11/07,11462
4158,08/11/07,296109
4176,09/11/07,290943
4177,09/11/07,290943
4181,09/11/07,296230
4208,10/11/07,36500
4189,10/11/07,296233
4207,10/11/07,296236
4246,11/11/07,218525
4218,11/11/07,290524
4220,11/11/07,296242
4221,11/11/07,296243
4233,11/11/07,296249
4261,12/11/07,296239
4266,13/11/07,174450
4272,13/11/07,278517
4263,13/11/07,296115
4275,13/11/07,296119
4277,13/11/07,296128
4294,14/11/07,296129
4303,15/11/07,296009
4314,16/11/07,36500
4327,17/11/07,10458
4321,17/11/07,296140
4335,17/11/07,296144
4361,18/11/07,11113
4354,18/11/07,12059
4356,18/11/07,46803
4348,18/11/07,296121
4352,18/11/07,296150
4371,19/11/07,10904
4374,19/11/07,38534
4375,19/11/07,269158
4380,19/11/07,290912
4376,19/11/07,296157
4370,19/11/07,296179
4390,21/11/07,218580
4405,22/11/07,296169
4407,22/11/07,296170
4419,22/11/07,296173
4420,22/11/07,296174
4444,24/11/07,39047
4438,24/11/07,278450
4460,25/11/07,11919
4480,25/11/07,28662
4452,25/11/07,39464
4485,25/11/07,296189
4467,25/11/07,296197
4468,25/11/07,296198
4478,25/11/07,296251
4505,27/11/07,296263
4506,27/11/07,296264
4514,27/11/07,296267
4520,28/11/07,247925
4522,28/11/07,296271
4538,29/11/07,296272
4540,29/11/07,296277
4541,30/11/07,10924
4544,30/11/07,53393
4545,30/11/07,53393
4552,30/11/07,139927
4560,30/11/07,296281
4569,01/12/07,10618
4583,01/12/07,39678
4568,01/12/07,218752
4570,01/12/07,296285
4601,02/12/07,290560
4633,02/12/07,296193
4592,02/12/07,296275
4620,02/12/07,296288
4613,02/12/07,296297
4654,03/12/07,12182
4651,03/12/07,349891
4645,03/12/07,349894
4661,04/12/07,39748
4664,04/12/07,349888
4675,05/12/07,349880
4676,05/12/07,349880
4669,05/12/07,349883
4682,06/12/07,11675
4681,06/12/07,39422
4698,08/12/07,231737
4717,08/12/07,296009
4737,09/12/07,218583
4734,09/12/07,349897
4757,10/12/07,296024
4758,10/12/07,296024
4766,10/12/07,349815
25,11/12/07,296066
4777,11/12/07,296066
4778,11/12/07,296066
4779,11/12/07,296066
4773,11/12/07,349812
4793,13/12/07,349770
4801,13/12/07,349799
4821,14/12/07,349791
4830,15/12/07,39994
4851,15/12/07,349777
4828,15/12/07,349786
4854,16/12/07,10415
4861,16/12/07,28665
4864,16/12/07,324258
4852,16/12/07,349775
4871,16/12/07,349807
4888,16/12/07,349829
4868,16/12/07,349862
4865,16/12/07,349864
4894,17/12/07,278418
4892,17/12/07,349830
4898,17/12/07,349831
4902,18/12/07,296138
4900,18/12/07,349832
4914,19/12/07,349834
4928,20/12/07,349836
4931,20/12/07,349837
4934,20/12/07,349843
4935,20/12/07,349843
4936,20/12/07,349844
4955,21/12/07,39436
4949,21/12/07,349766
4938,21/12/07,349835
4966,22/12/07,218547
4973,22/12/07,349746
4994,23/12/07,349729
4991,23/12/07,349732
4983,23/12/07,349738
4977,23/12/07,349742
5000,24/12/07,278585
5018,25/12/07,39607
5007,25/12/07,349758
5014,25/12/07,349760
5026,26/12/07,12177
5028,26/12/07,349718
5030,26/12/07,349720
5038,27/12/07,349725
5052,28/12/07,11919
5053,28/12/07,11919
5048,28/12/07,349701
5067,29/12/07,349707
5082,30/12/07,206344
5080,30/12/07,218741
5094,30/12/07,349712
5097,31/12/07,349713
5106,31/12/07,349715